node,mismatch,test_seed,method,continuous_mae,direct_key_word_disagreement,direct_key_bit_disagreement,legacy_key_word_disagreement,legacy_key_bit_disagreement,recovered_image_mae,recovered_image_psnr_db,exact_recovery
2,0.0,100,PPO,0.018743318248501357,0.046875,0.024739583333333332,0.0,0.0,0.0,361.20199909921956,True
2,0.0,100,Fixed,3.800520003841181,0.734375,0.36328125,1.0,0.5,122.53352864583333,6.067882677495691,False
2,0.0,100,LQR,1.0978934975961845e-07,0.0,0.0,0.0,0.0,0.0,361.20199909921956,True
2,0.0,100,SMC,8.77383475502332e-08,0.0,0.0,0.0,0.0,0.0,361.20199909921956,True
2,0.0,101,PPO,0.0021981559866617317,0.00390625,0.00390625,0.0,0.0,0.0,361.20199909921956,True
2,0.0,101,Fixed,2.187232390721723,0.7265625,0.3763020833333333,0.75,0.5,122.53352864583333,6.067882677495691,False
2,0.0,101,LQR,2.0853046104699995e-08,0.0,0.0,0.0,0.0,0.0,361.20199909921956,True
2,0.0,101,SMC,2.0187750730353098e-08,0.0,0.0,0.0,0.0,0.0,361.20199909921956,True
2,0.0,102,PPO,0.014330965200012239,0.01953125,0.013020833333333334,0.0,0.0,0.0,361.20199909921956,True
2,0.0,102,Fixed,1.658781969594808,0.77734375,0.48046875,0.75,0.4166666666666667,69.046875,8.408542751197704,False
2,0.0,102,LQR,0.0,0.0,0.0,0.0,0.0,0.0,361.20199909921956,True
2,0.0,102,SMC,2.3045383083323637e-07,0.0,0.0,0.0,0.0,0.0,361.20199909921956,True
2,0.0,103,PPO,0.006611027832453449,0.02734375,0.01953125,0.0,0.0,0.0,361.20199909921956,True
2,0.0,103,Fixed,1.6502743487556775,0.8671875,0.5729166666666666,0.75,0.25,69.046875,8.408542751197704,False
2,0.0,103,LQR,0.0,0.0,0.0,0.0,0.0,0.0,361.20199909921956,True
2,0.0,103,SMC,1.0562750200430553e-07,0.0,0.0,0.0,0.0,0.0,361.20199909921956,True
2,0.0,104,PPO,0.0041271295776823536,0.00390625,0.0013020833333333333,0.0,0.0,0.0,361.20199909921956,True
2,0.0,104,Fixed,1.9344482135444803,0.70703125,0.37890625,0.75,0.5,122.53352864583333,6.067882677495691,False
2,0.0,104,LQR,0.0,0.0,0.0,0.0,0.0,0.0,361.20199909921956,True
2,0.0,104,SMC,1.4638499123975635e-07,0.0,0.0,0.0,0.0,0.0,361.20199909921956,True
2,0.0,105,PPO,0.0020429003452591132,0.0,0.0,0.0,0.0,0.0,361.20199909921956,True
2,0.0,105,Fixed,2.511263207583397,0.7265625,0.3671875,0.75,0.5,122.53352864583333,6.067882677495691,False
2,0.0,105,LQR,0.0,0.0,0.0,0.0,0.0,0.0,361.20199909921956,True
2,0.0,105,SMC,2.6278333583225805e-08,0.0,0.0,0.0,0.0,0.0,361.20199909921956,True
2,0.0,106,PPO,0.0011557258694665506,0.0,0.0,0.0,0.0,0.0,361.20199909921956,True
2,0.0,106,Fixed,3.0781651901446216,0.75,0.4036458333333333,0.75,0.4166666666666667,91.65478515625,8.046486414439123,False
2,0.0,106,LQR,4.5353469128410023e-10,0.0,0.0,0.0,0.0,0.0,361.20199909921956,True
2,0.0,106,SMC,9.246771999945243e-08,0.0,0.0,0.0,0.0,0.0,361.20199909921956,True
2,0.0,107,PPO,0.008012982240567604,0.03515625,0.02734375,0.0,0.0,0.0,361.20199909921956,True
2,0.0,107,Fixed,3.9528692943470864,0.63671875,0.3190104166666667,0.75,0.4166666666666667,91.67692057291667,8.062368665026087,False
2,0.0,107,LQR,0.0,0.0,0.0,0.0,0.0,0.0,361.20199909921956,True
2,0.0,107,SMC,2.010104556878408e-07,0.0,0.0,0.0,0.0,0.0,361.20199909921956,True
2,0.0,108,PPO,0.004356601265802358,0.00390625,0.00390625,0.0,0.0,0.0,361.20199909921956,True
2,0.0,108,Fixed,3.6750045072015687,0.6640625,0.3229166666666667,0.75,0.4166666666666667,91.65478515625,8.046486414439123,False
2,0.0,108,LQR,0.0,0.0,0.0,0.0,0.0,0.0,361.20199909921956,True
2,0.0,108,SMC,4.805770004168153e-08,0.0,0.0,0.0,0.0,0.0,361.20199909921956,True
2,0.0,109,PPO,0.0033390414755558595,0.0,0.0,0.0,0.0,0.0,361.20199909921956,True
2,0.0,109,Fixed,3.303431143354525,0.734375,0.4088541666666667,0.75,0.4166666666666667,91.65478515625,8.046486414439123,False
2,0.0,109,LQR,0.0,0.0,0.0,0.0,0.0,0.0,361.20199909921956,True
2,0.0,109,SMC,5.639837278674046e-08,0.0,0.0,0.0,0.0,0.0,361.20199909921956,True
2,0.0,110,PPO,0.008846946516617512,0.00390625,0.00390625,0.0,0.0,0.0,361.20199909921956,True
2,0.0,110,Fixed,2.7744103710368413,0.75,0.3893229166666667,0.75,0.5,62.357584635416664,11.942826524809663,False
2,0.0,110,LQR,3.133027348667383e-08,0.0,0.0,0.0,0.0,0.0,361.20199909921956,True
2,0.0,110,SMC,7.266256337364514e-08,0.0,0.0,0.0,0.0,0.0,361.20199909921956,True
2,0.0,111,PPO,0.0098001398115836,0.0078125,0.006510416666666667,0.0,0.0,0.0,361.20199909921956,True
2,0.0,111,Fixed,2.1703226249301224,0.78125,0.4348958333333333,0.75,0.5,111.1044921875,6.094821948486523,False
2,0.0,111,LQR,1.2102342831591766e-09,0.0,0.0,0.0,0.0,0.0,361.20199909921956,True
2,0.0,111,SMC,1.6075622018737098e-07,0.0,0.0,0.0,0.0,0.0,361.20199909921956,True
2,0.0,112,PPO,0.02066918045845038,0.0234375,0.014322916666666666,0.0,0.0,0.0,361.20199909921956,True
2,0.0,112,Fixed,1.205379423321574,0.76953125,0.48046875,0.75,0.3333333333333333,0.0,361.20199909921956,True
2,0.0,112,LQR,0.0,0.0,0.0,0.0,0.0,0.0,361.20199909921956,True
2,0.0,112,SMC,0.0,0.0,0.0,0.0,0.0,0.0,361.20199909921956,True
2,0.0,113,PPO,0.02709176980230647,0.03125,0.020833333333333332,0.0,0.0,0.0,361.20199909921956,True
2,0.0,113,Fixed,3.0223914332163986,0.71484375,0.40625,0.75,0.5,122.53352864583333,6.067882677495691,False
2,0.0,113,LQR,0.0,0.0,0.0,0.0,0.0,0.0,361.20199909921956,True
2,0.0,113,SMC,0.0,0.0,0.0,0.0,0.0,0.0,361.20199909921956,True
2,0.0,114,PPO,0.0024287194610224105,0.0,0.0,0.0,0.0,0.0,361.20199909921956,True
2,0.0,114,Fixed,2.4977268189419797,0.75,0.3815104166666667,0.75,0.5833333333333334,91.67692057291667,8.062368665026087,False
2,0.0,114,LQR,6.890331860631704e-09,0.0,0.0,0.0,0.0,0.0,361.20199909921956,True
2,0.0,114,SMC,2.3072667924376827e-08,0.0,0.0,0.0,0.0,0.0,361.20199909921956,True
2,0.0,115,PPO,0.014746410881343763,0.00390625,0.0013020833333333333,0.0,0.0,0.0,361.20199909921956,True
2,0.0,115,Fixed,3.1519456937652044,0.75,0.4075520833333333,0.75,0.4166666666666667,91.65478515625,8.046486414439123,False
2,0.0,115,LQR,0.0,0.0,0.0,0.0,0.0,0.0,361.20199909921956,True
2,0.0,115,SMC,0.0,0.0,0.0,0.0,0.0,0.0,361.20199909921956,True
2,0.0,116,PPO,0.013763173779201074,0.00390625,0.00390625,0.0,0.0,0.0,361.20199909921956,True
2,0.0,116,Fixed,3.3020154022645634,0.75390625,0.4036458333333333,0.75,0.4166666666666667,91.65478515625,8.046486414439123,False
2,0.0,116,LQR,0.0,0.0,0.0,0.0,0.0,0.0,361.20199909921956,True
2,0.0,116,SMC,9.750995862608154e-08,0.0,0.0,0.0,0.0,0.0,361.20199909921956,True
2,0.0,117,PPO,0.007853790795100698,0.01171875,0.006510416666666667,0.0,0.0,0.0,361.20199909921956,True
2,0.0,117,Fixed,1.951177600567462,0.78515625,0.421875,0.75,0.4166666666666667,91.65478515625,8.046486414439123,False
2,0.0,117,LQR,0.0,0.0,0.0,0.0,0.0,0.0,361.20199909921956,True
2,0.0,117,SMC,4.966689933401843e-08,0.0,0.0,0.0,0.0,0.0,361.20199909921956,True
2,0.0,118,PPO,0.0032733706878692224,0.00390625,0.0013020833333333333,0.0,0.0,0.0,361.20199909921956,True
2,0.0,118,Fixed,3.2283322646811334,0.7109375,0.3854166666666667,0.75,0.5,62.357584635416664,11.942826524809663,False
2,0.0,118,LQR,4.268561800320943e-09,0.0,0.0,0.0,0.0,0.0,361.20199909921956,True
2,0.0,118,SMC,6.242529101048906e-08,0.0,0.0,0.0,0.0,0.0,361.20199909921956,True
2,0.0,119,PPO,0.012223261039859304,0.01171875,0.00390625,0.0,0.0,0.0,361.20199909921956,True
2,0.0,119,Fixed,3.697829828858327,0.6484375,0.3138020833333333,0.5,0.25,63.822265625,8.985652582701588,False
2,0.0,119,LQR,0.0,0.0,0.0,0.0,0.0,0.0,361.20199909921956,True
2,0.0,119,SMC,5.079200491309166e-07,0.0,0.0,0.0,0.0,0.0,361.20199909921956,True
