scenario,node,method,model_name,train_seed,test_seed,mismatch,pulse_step,mae,steady_l1,final_l1,energy_u,saturation_fraction,mean_post_pulse_error
nominal,2,PPO,ppo_continuous_hopfield_node2_final_seed_1024,1024,100,0.0,-1,0.04378619647707948,0.02279623132199049,0.005300581455230713,5.064832514353172,0.01,
nominal,2,PPO,ppo_continuous_hopfield_node2_final_seed_1024,1024,101,0.0,-1,0.02628094951505289,0.02203976596924074,0.010785222053527832,4.134022601471453,0.01,
nominal,2,PPO,ppo_continuous_hopfield_node2_final_seed_1024,1024,102,0.0,-1,0.062235010025677516,0.01774693752443533,0.007959723472595215,9.944471097433574,0.0225,
nominal,2,PPO,ppo_continuous_hopfield_node2_final_seed_1024,1024,103,0.0,-1,0.06565783904723711,0.02519167330759911,0.009415477514266968,9.171727037842503,0.0275,
nominal,2,PPO,ppo_continuous_hopfield_node2_final_seed_1024,1024,104,0.0,-1,0.15363072914168927,0.031839450640189976,0.0028179362416267395,20.398769668244036,0.0625,
nominal,2,PPO,ppo_continuous_hopfield_node2_final_seed_1024,1024,105,0.0,-1,0.03010296421388748,0.035212547018158215,0.011332874186336994,7.965690455206421,0.0225,
nominal,2,PPO,ppo_continuous_hopfield_node2_final_seed_1024,1024,106,0.0,-1,0.1278096632933258,0.012996803819673297,0.012780086137354374,14.835786438583238,0.03,
nominal,2,PPO,ppo_continuous_hopfield_node2_final_seed_1024,1024,107,0.0,-1,0.0973313442332297,0.022118537864981243,0.02146008610725403,10.451902625103834,0.0225,
nominal,2,PPO,ppo_continuous_hopfield_node2_final_seed_1024,1024,108,0.0,-1,0.027006655200659386,0.030975798501368657,0.0035445839166641235,4.609687672515112,0.0125,
nominal,2,PPO,ppo_continuous_hopfield_node2_final_seed_1024,1024,109,0.0,-1,0.09101491813576554,0.04343409616684104,0.01281789131462574,9.557652018644609,0.02,
nominal,2,PPO,ppo_continuous_hopfield_node2_final_seed_1024,1024,110,0.0,-1,0.03757264706517507,0.04420081300683963,0.025247320532798767,5.91426054539534,0.0175,
nominal,2,PPO,ppo_continuous_hopfield_node2_final_seed_1024,1024,111,0.0,-1,0.2619816522295521,0.04212284519302624,0.0324914176017046,31.497120061572144,0.095,
nominal,2,PPO,ppo_continuous_hopfield_node2_final_seed_1024,1024,112,0.0,-1,0.03382945856457253,0.02251373526904686,0.017780184745788574,3.846906834710373,0.01,
nominal,2,PPO,ppo_continuous_hopfield_node2_final_seed_1024,1024,113,0.0,-1,0.21776651957978868,0.02452731032476381,0.031536221504211426,20.08001973035098,0.045,
nominal,2,PPO,ppo_continuous_hopfield_node2_final_seed_1024,1024,114,0.0,-1,0.028591492881221155,0.029574179653952152,0.021513625979423523,1.3234868431692626,0.0025,
nominal,2,PPO,ppo_continuous_hopfield_node2_final_seed_1024,1024,115,0.0,-1,0.054387067491459606,0.035720100091701304,0.06691430509090424,2.5725856004842824,0.0025,
nominal,2,PPO,ppo_continuous_hopfield_node2_final_seed_1024,1024,116,0.0,-1,0.044164009946951965,0.03583987793068827,0.05597473680973053,5.161238492696648,0.0125,
nominal,2,PPO,ppo_continuous_hopfield_node2_final_seed_1024,1024,117,0.0,-1,0.09686833577356761,0.03076333911905502,0.024982117116451263,16.175796525554254,0.0325,
nominal,2,PPO,ppo_continuous_hopfield_node2_final_seed_1024,1024,118,0.0,-1,0.038271229721896866,0.036843518186130644,0.010226517915725708,3.3144625331206075,0.0075,
nominal,2,PPO,ppo_continuous_hopfield_node2_final_seed_1024,1024,119,0.0,-1,0.2730085559970067,0.02577468368259293,0.038095325231552124,24.437182931720038,0.0625,
nominal,2,PPO,ppo_continuous_hopfield_node2_final_seed_123,123,100,0.0,-1,0.050650483402961605,0.04614214107026288,0.023879051208496094,2.432367571984711,0.005,
nominal,2,PPO,ppo_continuous_hopfield_node2_final_seed_123,123,101,0.0,-1,0.03282688400094225,0.03903071820896901,0.03838684782385826,2.5878731819503504,0.0075,
nominal,2,PPO,ppo_continuous_hopfield_node2_final_seed_123,123,102,0.0,-1,0.06783120901573911,0.042644565649054667,0.034211039543151855,7.332143452191974,0.0175,
nominal,2,PPO,ppo_continuous_hopfield_node2_final_seed_123,123,103,0.0,-1,0.07632367623813531,0.04601974252404438,0.034252166748046875,7.938689796037065,0.0225,
nominal,2,PPO,ppo_continuous_hopfield_node2_final_seed_123,123,104,0.0,-1,0.1531683853242921,0.05553232285159605,0.021192945539951324,15.980514962485747,0.0375,
nominal,2,PPO,ppo_continuous_hopfield_node2_final_seed_123,123,105,0.0,-1,0.03347260425686341,0.050320859228111345,0.02988712303340435,7.307653172082327,0.02,
nominal,2,PPO,ppo_continuous_hopfield_node2_final_seed_123,123,106,0.0,-1,0.13143307321293843,0.035747393442570795,0.03782931063324213,11.229586623898417,0.0275,
nominal,2,PPO,ppo_continuous_hopfield_node2_final_seed_123,123,107,0.0,-1,0.10681279225031833,0.04345268299113269,0.06389909982681274,7.113639191013758,0.0175,
nominal,2,PPO,ppo_continuous_hopfield_node2_final_seed_123,123,108,0.0,-1,0.031787957816329766,0.05549027838882197,0.02198117971420288,3.72301307963692,0.01,
nominal,2,PPO,ppo_continuous_hopfield_node2_final_seed_123,123,109,0.0,-1,0.10287562359808786,0.07718765965582412,0.032847714610397816,6.721871226336101,0.015,
nominal,2,PPO,ppo_continuous_hopfield_node2_final_seed_123,123,110,0.0,-1,0.04336023351339374,0.09001719289355808,0.060634955763816833,4.942157433747748,0.015,
nominal,2,PPO,ppo_continuous_hopfield_node2_final_seed_123,123,111,0.0,-1,0.2525705449270156,0.06994757006795686,0.055491168051958084,23.48243571309149,0.0575,
nominal,2,PPO,ppo_continuous_hopfield_node2_final_seed_123,123,112,0.0,-1,0.04377699267167168,0.048568971535581866,0.037473440170288086,3.4747545209897175,0.01,
nominal,2,PPO,ppo_continuous_hopfield_node2_final_seed_123,123,113,0.0,-1,0.21486745944559413,0.03792409604001376,0.0048139095306396484,11.777818707760128,0.0275,
nominal,2,PPO,ppo_continuous_hopfield_node2_final_seed_123,123,114,0.0,-1,0.03668455266434752,0.05403869645095166,0.05029347538948059,1.2364835041328177,0.0025,
nominal,2,PPO,ppo_continuous_hopfield_node2_final_seed_123,123,115,0.0,-1,0.0668809186128771,0.07509865193846232,0.1403796523809433,1.316536432981723,0.0,
nominal,2,PPO,ppo_continuous_hopfield_node2_final_seed_123,123,116,0.0,-1,0.04801331236161112,0.07945357980551543,0.12926281988620758,2.5448786030107233,0.005,
nominal,2,PPO,ppo_continuous_hopfield_node2_final_seed_123,123,117,0.0,-1,0.10175158489411906,0.0522425930004245,0.048425592482089996,12.156492922027283,0.0275,
nominal,2,PPO,ppo_continuous_hopfield_node2_final_seed_123,123,118,0.0,-1,0.04258957257957282,0.05276047396990988,0.02782263047993183,1.6845620983366238,0.0025,
nominal,2,PPO,ppo_continuous_hopfield_node2_final_seed_123,123,119,0.0,-1,0.2623844820090995,0.06282164949210889,0.08795812726020813,14.49739234539781,0.035,
nominal,2,PPO,ppo_continuous_hopfield_node2_final_seed_42,42,100,0.0,-1,0.04717061474918545,0.04244261483351389,0.018027007579803467,6.060362133656873,0.01,
nominal,2,PPO,ppo_continuous_hopfield_node2_final_seed_42,42,101,0.0,-1,0.03029949236643777,0.025880837479583276,0.009122590534389019,2.986175819662868,0.0075,
nominal,2,PPO,ppo_continuous_hopfield_node2_final_seed_42,42,102,0.0,-1,0.06599092449805546,0.021633110175852056,0.018151402473449707,9.970144520261945,0.0225,
nominal,2,PPO,ppo_continuous_hopfield_node2_final_seed_42,42,103,0.0,-1,0.07336955531291255,0.049409042606935086,0.020243793725967407,8.436090446113798,0.025,
nominal,2,PPO,ppo_continuous_hopfield_node2_final_seed_42,42,104,0.0,-1,0.15072272825523195,0.051708024811505535,0.018947839736938477,17.656890668061674,0.0475,
nominal,2,PPO,ppo_continuous_hopfield_node2_final_seed_42,42,105,0.0,-1,0.03733944758062165,0.062214107545851556,0.01572064869105816,9.714020891296997,0.025,
nominal,2,PPO,ppo_continuous_hopfield_node2_final_seed_42,42,106,0.0,-1,0.1308659379644759,0.009630092484359112,0.008314266335219145,14.234144768541032,0.03,
nominal,2,PPO,ppo_continuous_hopfield_node2_final_seed_42,42,107,0.0,-1,0.10039843009019941,0.022938598752205754,0.010625571012496948,7.772773901663542,0.02,
nominal,2,PPO,ppo_continuous_hopfield_node2_final_seed_42,42,108,0.0,-1,0.032810359976098796,0.04864676519193583,0.018297802656888962,4.038144149953683,0.0125,
nominal,2,PPO,ppo_continuous_hopfield_node2_final_seed_42,42,109,0.0,-1,0.10116834861496564,0.06680322311427674,0.021200933028012514,11.083734409152395,0.0175,
nominal,2,PPO,ppo_continuous_hopfield_node2_final_seed_42,42,110,0.0,-1,0.041934744848777614,0.05557726233921669,0.06898115575313568,5.910361841856789,0.015,
nominal,2,PPO,ppo_continuous_hopfield_node2_final_seed_42,42,111,0.0,-1,0.25366469500419947,0.06791801632807394,0.025946934707462788,24.454768961571418,0.0625,
nominal,2,PPO,ppo_continuous_hopfield_node2_final_seed_42,42,112,0.0,-1,0.043143419886212286,0.043109399976530745,0.04439985752105713,3.907884071880461,0.01,
nominal,2,PPO,ppo_continuous_hopfield_node2_final_seed_42,42,113,0.0,-1,0.21232311575265533,0.03565954972334482,0.041687190532684326,11.964888374131204,0.0275,
nominal,2,PPO,ppo_continuous_hopfield_node2_final_seed_42,42,114,0.0,-1,0.036160199642444615,0.046748786244863345,0.02216528356075287,6.53533021767291,0.005,
nominal,2,PPO,ppo_continuous_hopfield_node2_final_seed_42,42,115,0.0,-1,0.06344470117010442,0.03344532483498807,0.11785943806171417,5.482332011627992,0.0025,
nominal,2,PPO,ppo_continuous_hopfield_node2_final_seed_42,42,116,0.0,-1,0.04453172664783573,0.03211125345141799,0.1079181432723999,3.690773144833762,0.01,
nominal,2,PPO,ppo_continuous_hopfield_node2_final_seed_42,42,117,0.0,-1,0.10038179022678835,0.049268863836510315,0.03373001143336296,12.598575842542017,0.03,
nominal,2,PPO,ppo_continuous_hopfield_node2_final_seed_42,42,118,0.0,-1,0.045048831471420844,0.0643034531838364,0.015347981825470924,3.048022432219008,0.005,
nominal,2,PPO,ppo_continuous_hopfield_node2_final_seed_42,42,119,0.0,-1,0.257759091692821,0.016879405429655756,0.04102489352226257,15.837486644204619,0.035,
nominal,2,SAC,sac_continuous_hopfield_node2_screen_100000steps_seed_42,42,100,0.0,-1,0.09932859744086973,0.25555322622811355,0.0800316333770752,2.4179036481576475,0.0,
nominal,2,SAC,sac_continuous_hopfield_node2_screen_100000steps_seed_42,42,101,0.0,-1,0.08004833033644375,0.19920495664125976,0.03176264651119709,5.709849218641432,0.0,
nominal,2,SAC,sac_continuous_hopfield_node2_screen_100000steps_seed_42,42,102,0.0,-1,0.13386521060236498,0.1971329017829748,0.2574290931224823,7.441093858952135,0.0,
nominal,2,SAC,sac_continuous_hopfield_node2_screen_100000steps_seed_42,42,103,0.0,-1,0.12151498628078851,0.2784622386097908,0.16919606924057007,9.125790539466578,0.0,
nominal,2,SAC,sac_continuous_hopfield_node2_screen_100000steps_seed_42,42,104,0.0,-1,0.20450575980230087,0.2699354685107131,0.18000434711575508,13.900604724165099,0.0,
nominal,2,SAC,sac_continuous_hopfield_node2_screen_100000steps_seed_42,42,105,0.0,-1,0.136274982270098,0.3144277376525196,0.11653152853250504,13.896230062911743,0.0,
nominal,2,SAC,sac_continuous_hopfield_node2_screen_100000steps_seed_42,42,106,0.0,-1,0.18677211718026823,0.14660508458698054,0.10505422856658697,12.322413274180173,0.0,
nominal,2,SAC,sac_continuous_hopfield_node2_screen_100000steps_seed_42,42,107,0.0,-1,0.13476007007889246,0.16559917866079896,0.05200222134590149,7.399301228485914,0.0,
nominal,2,SAC,sac_continuous_hopfield_node2_screen_100000steps_seed_42,42,108,0.0,-1,0.10043844454925653,0.2690709029427833,0.20259300991892815,6.648457179326942,0.0,
nominal,2,SAC,sac_continuous_hopfield_node2_screen_100000steps_seed_42,42,109,0.0,-1,0.17267653924519086,0.17950812954869536,0.3166251704096794,6.688225575419377,0.0,
nominal,2,SAC,sac_continuous_hopfield_node2_screen_100000steps_seed_42,42,110,0.0,-1,0.08767694787603067,0.13268130111657542,0.23031064867973328,6.79411402715854,0.0,
nominal,2,SAC,sac_continuous_hopfield_node2_screen_100000steps_seed_42,42,111,0.0,-1,0.3080517890362235,0.32306199442641237,0.16547922044992447,18.748619535772438,0.0,
nominal,2,SAC,sac_continuous_hopfield_node2_screen_100000steps_seed_42,42,112,0.0,-1,0.10905729213470929,0.22347700204930188,0.23335528373718262,4.094107176258802,0.0,
nominal,2,SAC,sac_continuous_hopfield_node2_screen_100000steps_seed_42,42,113,0.0,-1,0.27482707296666115,0.21747638747372008,0.23656314611434937,10.578693493988993,0.0,
nominal,2,SAC,sac_continuous_hopfield_node2_screen_100000steps_seed_42,42,114,0.0,-1,0.07578736997060656,0.24101456946888825,0.18064971268177032,3.7829817774350003,0.0,
nominal,2,SAC,sac_continuous_hopfield_node2_screen_100000steps_seed_42,42,115,0.0,-1,0.12203265742668983,0.12266428239735556,0.297187864780426,3.2405527109470453,0.0,
nominal,2,SAC,sac_continuous_hopfield_node2_screen_100000steps_seed_42,42,116,0.0,-1,0.10899970175331444,0.09243754214710659,0.3803499937057495,1.9263812723107465,0.0,
nominal,2,SAC,sac_continuous_hopfield_node2_screen_100000steps_seed_42,42,117,0.0,-1,0.16052196157673498,0.31043987275089746,0.19246221333742142,10.294909909013917,0.0,
nominal,2,SAC,sac_continuous_hopfield_node2_screen_100000steps_seed_42,42,118,0.0,-1,0.12282392982523563,0.30509888009386665,0.09135022759437561,5.195599600999356,0.0,
nominal,2,SAC,sac_continuous_hopfield_node2_screen_100000steps_seed_42,42,119,0.0,-1,0.3286292924006111,0.11852564970836227,0.04214054346084595,12.170887095733729,0.0,
nominal,3,PPO,ppo_continuous_hopfield_node3_final_seed_1024,1024,100,0.0,-1,0.021055429932914507,0.0074458162840685726,0.003931820392608643,6.029509163254092,0.015,
nominal,3,PPO,ppo_continuous_hopfield_node3_final_seed_1024,1024,101,0.0,-1,0.020172069844784382,0.0037632929218680035,0.0016558915376663208,2.2417963484194154,0.005,
nominal,3,PPO,ppo_continuous_hopfield_node3_final_seed_1024,1024,102,0.0,-1,0.017743551942128115,0.004373970764896108,0.0018607378005981445,4.581277988549285,0.0125,
nominal,3,PPO,ppo_continuous_hopfield_node3_final_seed_1024,1024,103,0.0,-1,0.07258346482094513,0.007534096293427326,0.003636658191680908,3.4899426660700787,0.0025,
nominal,3,PPO,ppo_continuous_hopfield_node3_final_seed_1024,1024,104,0.0,-1,0.06434782001817736,0.006415220515020651,0.006475567817687988,8.043599845847032,0.025,
nominal,3,PPO,ppo_continuous_hopfield_node3_final_seed_1024,1024,105,0.0,-1,0.04741246694120627,0.008577439341878082,0.002423463389277458,4.415312779723553,0.005,
nominal,3,PPO,ppo_continuous_hopfield_node3_final_seed_1024,1024,106,0.0,-1,0.06397628407537898,0.0013290204834997838,0.0006720521487295628,11.36065609632368,0.0325,
nominal,3,PPO,ppo_continuous_hopfield_node3_final_seed_1024,1024,107,0.0,-1,0.01746392341857855,0.004164149243108652,0.0019842982292175293,6.181325394108816,0.0175,
nominal,3,PPO,ppo_continuous_hopfield_node3_final_seed_1024,1024,108,0.0,-1,0.04338483723149118,0.006212678079688807,0.00643404945731163,0.6380999197868895,0.0,
nominal,3,PPO,ppo_continuous_hopfield_node3_final_seed_1024,1024,109,0.0,-1,0.033540007965646976,0.009622585603300437,0.0038428325206041336,9.158304855835201,0.025,
nominal,3,PPO,ppo_continuous_hopfield_node3_final_seed_1024,1024,110,0.0,-1,0.040631967145564066,0.008792725414681582,0.002994135022163391,2.9934134851790044,0.0075,
nominal,3,PPO,ppo_continuous_hopfield_node3_final_seed_1024,1024,111,0.0,-1,0.07400902441162027,0.007921957152171267,0.006269433535635471,8.49006107720252,0.0225,
nominal,3,PPO,ppo_continuous_hopfield_node3_final_seed_1024,1024,112,0.0,-1,0.07100545506709946,0.00903537930679266,0.008251965045928955,9.562475357926564,0.025,
nominal,3,PPO,ppo_continuous_hopfield_node3_final_seed_1024,1024,113,0.0,-1,0.055071837271479324,0.010445828009166835,0.01787656545639038,12.879529416118888,0.035,
nominal,3,PPO,ppo_continuous_hopfield_node3_final_seed_1024,1024,114,0.0,-1,0.037416790853969054,0.005136174736199556,0.0018807724118232727,5.463594279579923,0.01,
nominal,3,PPO,ppo_continuous_hopfield_node3_final_seed_1024,1024,115,0.0,-1,0.0530506808597963,0.0070877277729227955,0.010339170694351196,9.180613391079689,0.025,
nominal,3,PPO,ppo_continuous_hopfield_node3_final_seed_1024,1024,116,0.0,-1,0.02111919743786175,0.005939517676094432,0.007674038410186768,5.443686502698499,0.0125,
nominal,3,PPO,ppo_continuous_hopfield_node3_final_seed_1024,1024,117,0.0,-1,0.02453866187411075,0.005987791427882549,0.006664827466011047,7.915503078103007,0.0225,
nominal,3,PPO,ppo_continuous_hopfield_node3_final_seed_1024,1024,118,0.0,-1,0.05495099063303882,0.008410633064484523,0.0038311704993247986,2.237783324599669,0.0025,
nominal,3,PPO,ppo_continuous_hopfield_node3_final_seed_1024,1024,119,0.0,-1,0.045889023488584105,0.003013958717569893,0.005244642496109009,12.382834742416167,0.035,
nominal,3,PPO,ppo_continuous_hopfield_node3_final_seed_123,123,100,0.0,-1,0.022437051052215228,0.0162954175453863,0.02680516242980957,6.8201264212239625,0.02,
nominal,3,PPO,ppo_continuous_hopfield_node3_final_seed_123,123,101,0.0,-1,0.0217541881466512,0.004174860717475783,0.00826516654342413,2.7065472424981674,0.0075,
nominal,3,PPO,ppo_continuous_hopfield_node3_final_seed_123,123,102,0.0,-1,0.018973512224719883,0.014151899379758555,0.027431488037109375,5.102859184064835,0.015,
nominal,3,PPO,ppo_continuous_hopfield_node3_final_seed_123,123,103,0.0,-1,0.06827501725633446,0.0070778395934605305,0.018348664045333862,5.817182319854373,0.0125,
nominal,3,PPO,ppo_continuous_hopfield_node3_final_seed_123,123,104,0.0,-1,0.0694152657662581,0.00804731005768257,0.010402485728263855,10.204376904465933,0.03,
nominal,3,PPO,ppo_continuous_hopfield_node3_final_seed_123,123,105,0.0,-1,0.05043093081531196,0.007677710810561239,0.004526562988758087,5.127043746219444,0.01,
nominal,3,PPO,ppo_continuous_hopfield_node3_final_seed_123,123,106,0.0,-1,0.05643009824253671,0.003277326061643292,0.005098252557218075,10.661542681471152,0.03,
nominal,3,PPO,ppo_continuous_hopfield_node3_final_seed_123,123,107,0.0,-1,0.017952594401722068,0.011385414185991257,0.025236397981643677,7.795892218272565,0.0225,
nominal,3,PPO,ppo_continuous_hopfield_node3_final_seed_123,123,108,0.0,-1,0.04713630219124078,0.0082331416024654,0.011321894824504852,2.8423559537622696,0.0075,
nominal,3,PPO,ppo_continuous_hopfield_node3_final_seed_123,123,109,0.0,-1,0.031206668093289595,0.013347549231745947,0.007092877756804228,7.77926642979345,0.0225,
nominal,3,PPO,ppo_continuous_hopfield_node3_final_seed_123,123,110,0.0,-1,0.04141081612830454,0.024901534074250564,0.005035758018493652,4.016427141262453,0.01,
nominal,3,PPO,ppo_continuous_hopfield_node3_final_seed_123,123,111,0.0,-1,0.07852009517091914,0.005478970145944644,0.002408131491392851,10.15438621854663,0.03,
nominal,3,PPO,ppo_continuous_hopfield_node3_final_seed_123,123,112,0.0,-1,0.06044365608629616,0.017392443705718092,0.03380507230758667,5.385746936937913,0.0075,
nominal,3,PPO,ppo_continuous_hopfield_node3_final_seed_123,123,113,0.0,-1,0.053250078239624486,0.026158517996930045,0.01590275764465332,11.352376744718796,0.03,
nominal,3,PPO,ppo_continuous_hopfield_node3_final_seed_123,123,114,0.0,-1,0.03383302600943605,0.0039045773389070858,0.006036654114723206,3.506093569782507,0.005,
nominal,3,PPO,ppo_continuous_hopfield_node3_final_seed_123,123,115,0.0,-1,0.04697488975232732,0.02517920071374119,0.016971677541732788,8.01611668764553,0.0225,
nominal,3,PPO,ppo_continuous_hopfield_node3_final_seed_123,123,116,0.0,-1,0.023534708325607907,0.026445700062645808,0.017527788877487183,5.514350647470763,0.0125,
nominal,3,PPO,ppo_continuous_hopfield_node3_final_seed_123,123,117,0.0,-1,0.024682461286617052,0.0032491830097120485,0.005397364497184753,7.65834711558472,0.0225,
nominal,3,PPO,ppo_continuous_hopfield_node3_final_seed_123,123,118,0.0,-1,0.06128206764481782,0.008071661441023519,0.00623689591884613,3.5688204177486265,0.0075,
nominal,3,PPO,ppo_continuous_hopfield_node3_final_seed_123,123,119,0.0,-1,0.046950509888410305,0.02264587775470666,0.028201252222061157,12.277358441468893,0.035,
nominal,3,PPO,ppo_continuous_hopfield_node3_final_seed_42,42,100,0.0,-1,0.021083370022783838,0.005847835194687416,0.01441943645477295,5.346805191828404,0.015,
nominal,3,PPO,ppo_continuous_hopfield_node3_final_seed_42,42,101,0.0,-1,0.02078209545546353,0.003746379799221033,0.004103393293917179,2.722166452197761,0.0075,
nominal,3,PPO,ppo_continuous_hopfield_node3_final_seed_42,42,102,0.0,-1,0.017732700248590864,0.0039038880046221346,0.011597037315368652,4.967613973733734,0.015,
nominal,3,PPO,ppo_continuous_hopfield_node3_final_seed_42,42,103,0.0,-1,0.06699216375617095,0.005284436851923848,0.0048097968101501465,5.804947040289177,0.0125,
nominal,3,PPO,ppo_continuous_hopfield_node3_final_seed_42,42,104,0.0,-1,0.06735986170431728,0.00660532809805447,0.0034250766038894653,9.710792766360676,0.03,
nominal,3,PPO,ppo_continuous_hopfield_node3_final_seed_42,42,105,0.0,-1,0.048655775193735054,0.008366564305982104,0.0026901550590991974,4.82803862888188,0.01,
nominal,3,PPO,ppo_continuous_hopfield_node3_final_seed_42,42,106,0.0,-1,0.05340554702363936,0.0032301643578749564,0.004015244543552399,8.091444602637672,0.02,
nominal,3,PPO,ppo_continuous_hopfield_node3_final_seed_42,42,107,0.0,-1,0.015851133169741034,0.0056750101244284045,0.011562764644622803,6.287221209008456,0.0175,
nominal,3,PPO,ppo_continuous_hopfield_node3_final_seed_42,42,108,0.0,-1,0.045676909694020384,0.006518587777621032,0.0037277601659297943,2.2432499306608302,0.005,
nominal,3,PPO,ppo_continuous_hopfield_node3_final_seed_42,42,109,0.0,-1,0.030044951478866294,0.0107087269252925,0.0040339813567698,7.10578096636059,0.0175,
nominal,3,PPO,ppo_continuous_hopfield_node3_final_seed_42,42,110,0.0,-1,0.039798115289143766,0.016509754054340315,0.003997191786766052,3.702795918791086,0.01,
nominal,3,PPO,ppo_continuous_hopfield_node3_final_seed_42,42,111,0.0,-1,0.07716393679668214,0.006305679900249765,0.004727250896394253,10.24669309395162,0.03,
nominal,3,PPO,ppo_continuous_hopfield_node3_final_seed_42,42,112,0.0,-1,0.05802520682124834,0.0054606396222004186,0.009765565395355225,5.228829092340512,0.005,
nominal,3,PPO,ppo_continuous_hopfield_node3_final_seed_42,42,113,0.0,-1,0.051216557056039995,0.009846867746271101,0.018486738204956055,11.395480313813959,0.03,
nominal,3,PPO,ppo_continuous_hopfield_node3_final_seed_42,42,114,0.0,-1,0.032830231483264714,0.004445820920353318,0.005173414945602417,3.500143810140627,0.005,
nominal,3,PPO,ppo_continuous_hopfield_node3_final_seed_42,42,115,0.0,-1,0.04329457526762543,0.015111936641466102,0.014723360538482666,6.529852359503484,0.015,
nominal,3,PPO,ppo_continuous_hopfield_node3_final_seed_42,42,116,0.0,-1,0.021722656941577073,0.015464382775035906,0.013320788741111755,5.714514752926076,0.015,
nominal,3,PPO,ppo_continuous_hopfield_node3_final_seed_42,42,117,0.0,-1,0.017789400614455886,0.00391112875342829,0.002855706959962845,5.260027771453013,0.015,
nominal,3,PPO,ppo_continuous_hopfield_node3_final_seed_42,42,118,0.0,-1,0.05936876517033061,0.008325337156377456,0.0026110373437404633,2.1709488740665517,0.0025,
nominal,3,PPO,ppo_continuous_hopfield_node3_final_seed_42,42,119,0.0,-1,0.04532150904406466,0.011927977830953436,0.01714712381362915,12.301137541356862,0.035,
nominal,3,SAC,sac_continuous_hopfield_node3_screen_100000steps_seed_42,42,100,0.0,-1,0.04621949775689471,0.08330633755727315,0.03622567653656006,3.6476043746916558,0.0,
nominal,3,SAC,sac_continuous_hopfield_node3_screen_100000steps_seed_42,42,101,0.0,-1,0.0397136762497462,0.10382338943258848,0.09192920476198196,1.5098741393616448,0.0,
nominal,3,SAC,sac_continuous_hopfield_node3_screen_100000steps_seed_42,42,102,0.0,-1,0.04171450081469486,0.09923549413244113,0.010654807090759277,4.694293913023046,0.0,
nominal,3,SAC,sac_continuous_hopfield_node3_screen_100000steps_seed_42,42,103,0.0,-1,0.10422934771144603,0.09894762512434412,0.1521565020084381,4.731818395473729,0.0,
nominal,3,SAC,sac_continuous_hopfield_node3_screen_100000steps_seed_42,42,104,0.0,-1,0.08118054594075058,0.08364285246963486,0.07144664227962494,7.021459449991977,0.0,
nominal,3,SAC,sac_continuous_hopfield_node3_screen_100000steps_seed_42,42,105,0.0,-1,0.06234422638541643,0.0755959874432948,0.13510538637638092,3.7179474806446566,0.0,
nominal,3,SAC,sac_continuous_hopfield_node3_screen_100000steps_seed_42,42,106,0.0,-1,0.08870373299215314,0.09180303714755508,0.08569718059152365,5.32207976675048,0.0,
nominal,3,SAC,sac_continuous_hopfield_node3_screen_100000steps_seed_42,42,107,0.0,-1,0.03386101209467969,0.08235654179696683,0.025295495986938477,5.269178539709136,0.0,
nominal,3,SAC,sac_continuous_hopfield_node3_screen_100000steps_seed_42,42,108,0.0,-1,0.06128939400455687,0.08410793882047321,0.07258657738566399,0.8560073484790478,0.0,
nominal,3,SAC,sac_continuous_hopfield_node3_screen_100000steps_seed_42,42,109,0.0,-1,0.04869692686849203,0.0960998115601179,0.05608387663960457,5.593717528545051,0.0,
nominal,3,SAC,sac_continuous_hopfield_node3_screen_100000steps_seed_42,42,110,0.0,-1,0.06163081768218889,0.07672315748569405,0.16253811120986938,2.225918985114535,0.0,
nominal,3,SAC,sac_continuous_hopfield_node3_screen_100000steps_seed_42,42,111,0.0,-1,0.09171069435758249,0.09770305985354899,0.09574480727314949,8.823280939003856,0.0,
nominal,3,SAC,sac_continuous_hopfield_node3_screen_100000steps_seed_42,42,112,0.0,-1,0.08337779230641779,0.08999412796563572,0.04974895715713501,4.746051431414043,0.0,
nominal,3,SAC,sac_continuous_hopfield_node3_screen_100000steps_seed_42,42,113,0.0,-1,0.0764249798765132,0.09899327060046756,0.09539633989334106,10.437715203708148,0.0,
nominal,3,SAC,sac_continuous_hopfield_node3_screen_100000steps_seed_42,42,114,0.0,-1,0.05564040238701941,0.10981816084434588,0.08877555280923843,0.8257473386134506,0.0,
nominal,3,SAC,sac_continuous_hopfield_node3_screen_100000steps_seed_42,42,115,0.0,-1,0.05988281907889983,0.05661526011923949,0.035055384039878845,4.6826285465052875,0.0,
nominal,3,SAC,sac_continuous_hopfield_node3_screen_100000steps_seed_42,42,116,0.0,-1,0.03981009352346843,0.04926007103036951,0.05597195029258728,3.953898499376811,0.0,
nominal,3,SAC,sac_continuous_hopfield_node3_screen_100000steps_seed_42,42,117,0.0,-1,0.03733716040063132,0.11149842826143642,0.11502446234226227,4.977962806965235,0.0,
nominal,3,SAC,sac_continuous_hopfield_node3_screen_100000steps_seed_42,42,118,0.0,-1,0.07227499469269318,0.07611170450202477,0.1304403468966484,0.7141751552619837,0.0,
nominal,3,SAC,sac_continuous_hopfield_node3_screen_100000steps_seed_42,42,119,0.0,-1,0.06342254270174706,0.038684499656988516,0.029281049966812134,10.710963396071012,0.0,
mismatch,2,PPO,ppo_continuous_hopfield_node2_final_seed_1024,1024,100,2.0,-1,0.0912359211476193,0.07801068038392214,0.03258253075182438,13.91836690771286,0.035,
mismatch,2,PPO,ppo_continuous_hopfield_node2_final_seed_1024,1024,101,2.0,-1,0.48025440728850816,0.19432899309897128,0.19366338849067688,37.40585021633169,0.0925,
mismatch,2,PPO,ppo_continuous_hopfield_node2_final_seed_1024,1024,102,2.0,-1,0.17809088721620547,0.2169918265009736,0.08901526778936386,7.3052672283962945,0.0125,
mismatch,2,PPO,ppo_continuous_hopfield_node2_final_seed_1024,1024,103,2.0,-1,0.25880643424321764,0.20392826167337688,0.14292219281196594,25.416913103030716,0.0675,
mismatch,2,PPO,ppo_continuous_hopfield_node2_final_seed_1024,1024,104,2.0,-1,0.27014260866244943,0.13968425434094245,0.02692492608912289,27.051793075106474,0.0775,
mismatch,2,PPO,ppo_continuous_hopfield_node2_final_seed_1024,1024,105,2.0,-1,0.09506259119898354,0.11635925114890676,0.18877583742141724,6.094631418315047,0.0125,
mismatch,2,PPO,ppo_continuous_hopfield_node2_final_seed_1024,1024,106,2.0,-1,0.08879385832333295,0.11586576237998626,0.048694055527448654,8.126581316624579,0.02,
mismatch,2,PPO,ppo_continuous_hopfield_node2_final_seed_1024,1024,107,2.0,-1,0.16294241851158534,0.24269758151085288,0.6183663010597229,15.236354229974957,0.0325,
mismatch,2,PPO,ppo_continuous_hopfield_node2_final_seed_1024,1024,108,2.0,-1,0.17217362289690874,0.19818124871838977,0.3081507086753845,14.346514794465685,0.0375,
mismatch,2,PPO,ppo_continuous_hopfield_node2_final_seed_1024,1024,109,2.0,-1,0.2317858212077812,0.04875004128840418,0.007347557693719864,30.21546739704515,0.0925,
mismatch,2,PPO,ppo_continuous_hopfield_node2_final_seed_1024,1024,110,2.0,-1,0.08751786144408502,0.21218680716867064,0.11238710582256317,4.720297458104357,0.01,
mismatch,2,PPO,ppo_continuous_hopfield_node2_final_seed_1024,1024,111,2.0,-1,0.15384794087578865,0.16039783264981744,0.028198499232530594,10.152237128234562,0.02,
mismatch,2,PPO,ppo_continuous_hopfield_node2_final_seed_1024,1024,112,2.0,-1,0.08764327469367784,0.20588105611135193,0.030613530427217484,6.802284598209752,0.02,
mismatch,2,PPO,ppo_continuous_hopfield_node2_final_seed_1024,1024,113,2.0,-1,0.09994084757411309,0.1401200744518895,0.07839462161064148,2.141228082360695,0.0,
mismatch,2,PPO,ppo_continuous_hopfield_node2_final_seed_1024,1024,114,2.0,-1,0.1232362505399211,0.10929592323409003,0.137978196144104,4.403949281275846,0.01,
mismatch,2,PPO,ppo_continuous_hopfield_node2_final_seed_1024,1024,115,2.0,-1,0.08354565291491307,0.10188806634741249,0.15585651993751526,4.805087945385177,0.0125,
mismatch,2,PPO,ppo_continuous_hopfield_node2_final_seed_1024,1024,116,2.0,-1,0.11236910076141482,0.17923245596825893,0.05470943497493863,10.481843951067233,0.03,
mismatch,2,PPO,ppo_continuous_hopfield_node2_final_seed_1024,1024,117,2.0,-1,0.20346320844011526,0.2059816055195291,0.04962419345974922,19.230612544053365,0.0575,
mismatch,2,PPO,ppo_continuous_hopfield_node2_final_seed_1024,1024,118,2.0,-1,0.11827081408686874,0.16546939025966473,0.08351732790470123,10.730860712186557,0.0275,
mismatch,2,PPO,ppo_continuous_hopfield_node2_final_seed_1024,1024,119,2.0,-1,0.11131113467498815,0.13043403960936875,0.013916883617639542,12.272724746872061,0.0275,
mismatch,2,PPO,ppo_continuous_hopfield_node2_final_seed_123,123,100,2.0,-1,0.10738323772549072,0.12280203537141651,0.03046824410557747,11.252089687696746,0.025,
mismatch,2,PPO,ppo_continuous_hopfield_node2_final_seed_123,123,101,2.0,-1,0.4457983377204584,0.24661574475927117,0.31910040974617004,22.087261211649988,0.045,
mismatch,2,PPO,ppo_continuous_hopfield_node2_final_seed_123,123,102,2.0,-1,0.23511535792626248,0.38415445978350843,0.16032114624977112,6.201620013284952,0.01,
mismatch,2,PPO,ppo_continuous_hopfield_node2_final_seed_123,123,103,2.0,-1,0.25438116537523164,0.2812069715173156,0.15639489889144897,17.865269736963675,0.0425,
mismatch,2,PPO,ppo_continuous_hopfield_node2_final_seed_123,123,104,2.0,-1,0.2563752441987138,0.14080867830686916,0.043240171391516924,20.96177798695019,0.05,
mismatch,2,PPO,ppo_continuous_hopfield_node2_final_seed_123,123,105,2.0,-1,0.10050533091647865,0.1290423756028399,0.20518094301223755,4.2357326038689544,0.0075,
mismatch,2,PPO,ppo_continuous_hopfield_node2_final_seed_123,123,106,2.0,-1,0.09093959305895274,0.13901537079594017,0.08285731263458729,7.877287953992358,0.02,
mismatch,2,PPO,ppo_continuous_hopfield_node2_final_seed_123,123,107,2.0,-1,0.1875618605735903,0.3122566652794679,0.7711600065231323,10.868747151988956,0.0275,
mismatch,2,PPO,ppo_continuous_hopfield_node2_final_seed_123,123,108,2.0,-1,0.17896359804351927,0.23763650264820935,0.4604594111442566,11.159107017667306,0.03,
mismatch,2,PPO,ppo_continuous_hopfield_node2_final_seed_123,123,109,2.0,-1,0.23947216533217347,0.13677806770543993,0.032224174588918686,23.998854365670304,0.0575,
mismatch,2,PPO,ppo_continuous_hopfield_node2_final_seed_123,123,110,2.0,-1,0.1149862970206933,0.31104613154160754,0.12775228917598724,2.9927178169589834,0.0075,
mismatch,2,PPO,ppo_continuous_hopfield_node2_final_seed_123,123,111,2.0,-1,0.18833599015505223,0.2207255200482905,0.06332435691729188,7.75280955771937,0.0175,
mismatch,2,PPO,ppo_continuous_hopfield_node2_final_seed_123,123,112,2.0,-1,0.09981984225762133,0.26571282942169977,0.044340791180729866,6.204898865908249,0.0175,
mismatch,2,PPO,ppo_continuous_hopfield_node2_final_seed_123,123,113,2.0,-1,0.12598989960828105,0.20459184112648168,0.08430595695972443,1.7830200849242293,0.0025,
mismatch,2,PPO,ppo_continuous_hopfield_node2_final_seed_123,123,114,2.0,-1,0.15456003033968674,0.18816790032993863,0.1381860375404358,4.21774612612691,0.01,
mismatch,2,PPO,ppo_continuous_hopfield_node2_final_seed_123,123,115,2.0,-1,0.10064828307743331,0.11116770533039982,0.17039799690246582,4.034897760630998,0.01,
mismatch,2,PPO,ppo_continuous_hopfield_node2_final_seed_123,123,116,2.0,-1,0.11815210742545365,0.1855345220638462,0.07152489386498928,8.377415078086907,0.025,
mismatch,2,PPO,ppo_continuous_hopfield_node2_final_seed_123,123,117,2.0,-1,0.22772458047297933,0.28514997685546584,0.05367300100624561,15.09835591526521,0.0325,
mismatch,2,PPO,ppo_continuous_hopfield_node2_final_seed_123,123,118,2.0,-1,0.15232708542325155,0.25843485516070586,0.133333258330822,9.405298054023351,0.0225,
mismatch,2,PPO,ppo_continuous_hopfield_node2_final_seed_123,123,119,2.0,-1,0.14454011659502536,0.24997524930923073,0.039799150079488754,10.735733212269414,0.0225,
mismatch,2,PPO,ppo_continuous_hopfield_node2_final_seed_42,42,100,2.0,-1,0.10460700982785222,0.11892387532502596,0.04379919357597828,12.334270409683759,0.03,
mismatch,2,PPO,ppo_continuous_hopfield_node2_final_seed_42,42,101,2.0,-1,0.45931972874094695,0.29351776792311374,0.3358220160007477,23.635535345476427,0.0475,
mismatch,2,PPO,ppo_continuous_hopfield_node2_final_seed_42,42,102,2.0,-1,0.22904316081060833,0.3539483684264583,0.20637976378202438,6.392536547313926,0.01,
mismatch,2,PPO,ppo_continuous_hopfield_node2_final_seed_42,42,103,2.0,-1,0.2488677775311568,0.21804665525754294,0.1771349012851715,19.99838433024536,0.0425,
mismatch,2,PPO,ppo_continuous_hopfield_node2_final_seed_42,42,104,2.0,-1,0.258941646808362,0.1372966548991332,0.029170614201575518,22.616734385492112,0.055,
mismatch,2,PPO,ppo_continuous_hopfield_node2_final_seed_42,42,105,2.0,-1,0.09755157767419556,0.11531092686417663,0.19095712900161743,5.472651395472191,0.01,
mismatch,2,PPO,ppo_continuous_hopfield_node2_final_seed_42,42,106,2.0,-1,0.08585178473436351,0.11527307529899257,0.040725015103816986,7.827306933544856,0.02,
mismatch,2,PPO,ppo_continuous_hopfield_node2_final_seed_42,42,107,2.0,-1,0.17620537757714058,0.2652509644121667,0.7411473989486694,11.669450692138678,0.0275,
mismatch,2,PPO,ppo_continuous_hopfield_node2_final_seed_42,42,108,2.0,-1,0.17940477262919186,0.23373811282677415,0.4940003752708435,11.821267835454677,0.0325,
mismatch,2,PPO,ppo_continuous_hopfield_node2_final_seed_42,42,109,2.0,-1,0.23130262983848318,0.08007717174535364,0.018727410584688187,24.93122893616437,0.0675,
mismatch,2,PPO,ppo_continuous_hopfield_node2_final_seed_42,42,110,2.0,-1,0.10783113524083943,0.26893145872716917,0.15477242320775986,3.536692387820384,0.0075,
mismatch,2,PPO,ppo_continuous_hopfield_node2_final_seed_42,42,111,2.0,-1,0.18626681668180678,0.22939281961248245,0.046587543562054634,8.956105526732092,0.0175,
mismatch,2,PPO,ppo_continuous_hopfield_node2_final_seed_42,42,112,2.0,-1,0.1047730501787621,0.28699997076649725,0.03721368685364723,6.806962440997327,0.02,
mismatch,2,PPO,ppo_continuous_hopfield_node2_final_seed_42,42,113,2.0,-1,0.11985736634003204,0.2125758153075973,0.08906655013561249,1.8505743450916166,0.0025,
mismatch,2,PPO,ppo_continuous_hopfield_node2_final_seed_42,42,114,2.0,-1,0.15213612000886056,0.19427301885882092,0.19386091828346252,4.558115359235839,0.01,
mismatch,2,PPO,ppo_continuous_hopfield_node2_final_seed_42,42,115,2.0,-1,0.1044462974952009,0.13113582286017914,0.21002846956253052,7.672860975460644,0.015,
mismatch,2,PPO,ppo_continuous_hopfield_node2_final_seed_42,42,116,2.0,-1,0.12212097379189303,0.20833441902549915,0.16142462007701397,15.694058584226816,0.03,
mismatch,2,PPO,ppo_continuous_hopfield_node2_final_seed_42,42,117,2.0,-1,0.23011587007092785,0.29802483482067876,0.07854106463491917,15.879712293468256,0.04,
mismatch,2,PPO,ppo_continuous_hopfield_node2_final_seed_42,42,118,2.0,-1,0.144572580682233,0.24519088563083866,0.10428576543927193,9.253710886380313,0.0225,
mismatch,2,PPO,ppo_continuous_hopfield_node2_final_seed_42,42,119,2.0,-1,0.13833636748708988,0.2134248811268696,0.05761188641190529,11.856390610255662,0.0275,
mismatch,2,SAC,sac_continuous_hopfield_node2_screen_100000steps_seed_42,42,100,2.0,-1,0.15832926815411297,0.35970611902482713,0.08559482917189598,14.177425383880873,0.0,
mismatch,2,SAC,sac_continuous_hopfield_node2_screen_100000steps_seed_42,42,101,2.0,-1,0.36366954900119963,0.19430701940515896,0.37086355686187744,15.579974727668935,0.0,
mismatch,2,SAC,sac_continuous_hopfield_node2_screen_100000steps_seed_42,42,102,2.0,-1,0.20420428699289672,0.40032105097248233,0.44688157737255096,10.84298230226552,0.0,
mismatch,2,SAC,sac_continuous_hopfield_node2_screen_100000steps_seed_42,42,103,2.0,-1,0.25555032579242215,0.24967257804984663,0.3725353479385376,16.587741337315464,0.0,
mismatch,2,SAC,sac_continuous_hopfield_node2_screen_100000steps_seed_42,42,104,2.0,-1,0.2751238511740567,0.3137995905392332,0.10378737933933735,17.837049120324743,0.0,
mismatch,2,SAC,sac_continuous_hopfield_node2_screen_100000steps_seed_42,42,105,2.0,-1,0.12050180916898169,0.15756293266643712,0.2164744734764099,3.586967106872643,0.0,
mismatch,2,SAC,sac_continuous_hopfield_node2_screen_100000steps_seed_42,42,106,2.0,-1,0.12464295210841662,0.2730161571921206,0.18777944147586823,11.750195075653805,0.0,
mismatch,2,SAC,sac_continuous_hopfield_node2_screen_100000steps_seed_42,42,107,2.0,-1,0.16750234983712806,0.3018552947927404,0.5629505515098572,9.077312837754457,0.0,
mismatch,2,SAC,sac_continuous_hopfield_node2_screen_100000steps_seed_42,42,108,2.0,-1,0.24099198868149832,0.256773562297041,0.35570746660232544,11.453331655372875,0.0,
mismatch,2,SAC,sac_continuous_hopfield_node2_screen_100000steps_seed_42,42,109,2.0,-1,0.2800027403642957,0.38561035890454126,0.10781839862465858,20.659655574915394,0.0,
mismatch,2,SAC,sac_continuous_hopfield_node2_screen_100000steps_seed_42,42,110,2.0,-1,0.09438640496508525,0.248508071227942,0.2151353359222412,3.125645661063982,0.0,
mismatch,2,SAC,sac_continuous_hopfield_node2_screen_100000steps_seed_42,42,111,2.0,-1,0.18472624877475494,0.31254035887526876,0.15161560103297234,7.800928366475569,0.0,
mismatch,2,SAC,sac_continuous_hopfield_node2_screen_100000steps_seed_42,42,112,2.0,-1,0.10574675608346594,0.3229327316361445,0.22213393449783325,7.425028477018435,0.0,
mismatch,2,SAC,sac_continuous_hopfield_node2_screen_100000steps_seed_42,42,113,2.0,-1,0.1602291660631077,0.3759810849564311,0.12885664403438568,3.432256675180417,0.0,
mismatch,2,SAC,sac_continuous_hopfield_node2_screen_100000steps_seed_42,42,114,2.0,-1,0.12660028222957603,0.21138396877565502,0.20845091342926025,5.618613564475373,0.0,
mismatch,2,SAC,sac_continuous_hopfield_node2_screen_100000steps_seed_42,42,115,2.0,-1,0.14433722693398782,0.38583120694498957,0.4240396022796631,6.078444268777554,0.0,
mismatch,2,SAC,sac_continuous_hopfield_node2_screen_100000steps_seed_42,42,116,2.0,-1,0.14595592028135473,0.2340823608784028,0.24863819032907486,9.34171022597221,0.0,
mismatch,2,SAC,sac_continuous_hopfield_node2_screen_100000steps_seed_42,42,117,2.0,-1,0.23109304263463193,0.36724839950509275,0.06918882951140404,12.005410305647715,0.0,
mismatch,2,SAC,sac_continuous_hopfield_node2_screen_100000steps_seed_42,42,118,2.0,-1,0.180951622471907,0.38003156775677643,0.13530438393354416,7.4766592931612035,0.0,
mismatch,2,SAC,sac_continuous_hopfield_node2_screen_100000steps_seed_42,42,119,2.0,-1,0.12661473905932427,0.3629987177979431,0.09811752289533615,8.148387199991587,0.0,
mismatch,3,PPO,ppo_continuous_hopfield_node3_final_seed_1024,1024,100,2.0,-1,0.086131341791776,0.1411513631766731,0.07543060928583145,6.470022830791953,0.0175,
mismatch,3,PPO,ppo_continuous_hopfield_node3_final_seed_1024,1024,101,2.0,-1,0.07541568924387235,0.05612785773880688,0.07162225246429443,11.167174206752108,0.0325,
mismatch,3,PPO,ppo_continuous_hopfield_node3_final_seed_1024,1024,102,2.0,-1,0.0766499288128929,0.08120788687288209,0.02980349212884903,11.414562536943453,0.03,
mismatch,3,PPO,ppo_continuous_hopfield_node3_final_seed_1024,1024,103,2.0,-1,0.07083035233730167,0.15051941109108335,0.08229190111160278,7.764538987484312,0.0225,
mismatch,3,PPO,ppo_continuous_hopfield_node3_final_seed_1024,1024,104,2.0,-1,0.13973833390736856,0.15085813884887797,0.0844164565205574,9.241752531129277,0.0275,
mismatch,3,PPO,ppo_continuous_hopfield_node3_final_seed_1024,1024,105,2.0,-1,0.04198219902125975,0.09389062575352045,0.15042990446090698,5.7159823158162615,0.0125,
mismatch,3,PPO,ppo_continuous_hopfield_node3_final_seed_1024,1024,106,2.0,-1,0.050129743669850166,0.03951702723107128,0.0361578855663538,8.042823612273363,0.0225,
mismatch,3,PPO,ppo_continuous_hopfield_node3_final_seed_1024,1024,107,2.0,-1,0.10261764525763338,0.1996371046996411,0.22661221027374268,8.053898711558682,0.02,
mismatch,3,PPO,ppo_continuous_hopfield_node3_final_seed_1024,1024,108,2.0,-1,0.0939231376649064,0.1657619461371207,0.1369648575782776,8.492201003609775,0.0225,
mismatch,3,PPO,ppo_continuous_hopfield_node3_final_seed_1024,1024,109,2.0,-1,0.08461984186351969,0.08045212198968654,0.03307243436574936,6.690597278573564,0.0125,
mismatch,3,PPO,ppo_continuous_hopfield_node3_final_seed_1024,1024,110,2.0,-1,0.035422398957848884,0.10200961707677278,0.093282051384449,3.8382766066206035,0.0075,
mismatch,3,PPO,ppo_continuous_hopfield_node3_final_seed_1024,1024,111,2.0,-1,0.049156189653852135,0.062122875893557514,0.011175607331097126,3.9510692991254617,0.01,
mismatch,3,PPO,ppo_continuous_hopfield_node3_final_seed_1024,1024,112,2.0,-1,0.06828974920877737,0.04493676494508062,0.005901914089918137,4.729912498636476,0.0075,
mismatch,3,PPO,ppo_continuous_hopfield_node3_final_seed_1024,1024,113,2.0,-1,0.06783840593131737,0.10055362532651167,0.056846410036087036,4.713992883406813,0.01,
mismatch,3,PPO,ppo_continuous_hopfield_node3_final_seed_1024,1024,114,2.0,-1,0.023189870217359833,0.011378264623797603,0.028960883617401123,2.3407054238250566,0.005,
mismatch,3,PPO,ppo_continuous_hopfield_node3_final_seed_1024,1024,115,2.0,-1,0.04198284408175142,0.11678904927347178,0.19803711771965027,2.6872199101280114,0.0075,
mismatch,3,PPO,ppo_continuous_hopfield_node3_final_seed_1024,1024,116,2.0,-1,0.11914104172388588,0.28251600248831105,0.24321360932663083,4.622357105715644,0.005,
mismatch,3,PPO,ppo_continuous_hopfield_node3_final_seed_1024,1024,117,2.0,-1,0.04292180290111245,0.023675701687296415,0.009982582181692123,7.62563416176506,0.02,
mismatch,3,PPO,ppo_continuous_hopfield_node3_final_seed_1024,1024,118,2.0,-1,0.051962545942646744,0.055362288003649424,0.03286569193005562,4.05406105294809,0.01,
mismatch,3,PPO,ppo_continuous_hopfield_node3_final_seed_1024,1024,119,2.0,-1,0.04633970470117375,0.05587820644363945,0.007619064301252365,7.009572041227395,0.02,
mismatch,3,PPO,ppo_continuous_hopfield_node3_final_seed_123,123,100,2.0,-1,0.08219852548050799,0.12897228797391794,0.05615520477294922,5.7104077098923876,0.015,
mismatch,3,PPO,ppo_continuous_hopfield_node3_final_seed_123,123,101,2.0,-1,0.06420696244001425,0.07020817117558585,0.07542240619659424,8.641031436137771,0.02,
mismatch,3,PPO,ppo_continuous_hopfield_node3_final_seed_123,123,102,2.0,-1,0.07081704844986975,0.0770468535821563,0.024202965199947357,8.768350636762698,0.0225,
mismatch,3,PPO,ppo_continuous_hopfield_node3_final_seed_123,123,103,2.0,-1,0.06558226748986645,0.12342899921637626,0.06337818503379822,9.778880825436998,0.0275,
mismatch,3,PPO,ppo_continuous_hopfield_node3_final_seed_123,123,104,2.0,-1,0.1351306307511226,0.1376853846128524,0.06209380645304918,10.373898211879656,0.03,
mismatch,3,PPO,ppo_continuous_hopfield_node3_final_seed_123,123,105,2.0,-1,0.03966113978165418,0.08856027600941835,0.1469150185585022,6.03909999452572,0.015,
mismatch,3,PPO,ppo_continuous_hopfield_node3_final_seed_123,123,106,2.0,-1,0.04915595095947614,0.03738625718131201,0.02843202743679285,9.077146572601496,0.025,
mismatch,3,PPO,ppo_continuous_hopfield_node3_final_seed_123,123,107,2.0,-1,0.09125000408115926,0.18651551560119348,0.19752556085586548,9.239012729541095,0.0225,
mismatch,3,PPO,ppo_continuous_hopfield_node3_final_seed_123,123,108,2.0,-1,0.081427828925534,0.14829319365966467,0.13184481859207153,9.782521457865332,0.025,
mismatch,3,PPO,ppo_continuous_hopfield_node3_final_seed_123,123,109,2.0,-1,0.0859307924990797,0.07547119349517205,0.028096865862607956,9.528280952024401,0.025,
mismatch,3,PPO,ppo_continuous_hopfield_node3_final_seed_123,123,110,2.0,-1,0.031670795727663625,0.08804081727601128,0.07230110466480255,4.645382959440067,0.0125,
mismatch,3,PPO,ppo_continuous_hopfield_node3_final_seed_123,123,111,2.0,-1,0.04749795640350404,0.054712323310934466,0.009460645727813244,4.276596556858846,0.0125,
mismatch,3,PPO,ppo_continuous_hopfield_node3_final_seed_123,123,112,2.0,-1,0.06802794701131007,0.03981460488320869,0.005191005766391754,2.457686470743356,0.0,
mismatch,3,PPO,ppo_continuous_hopfield_node3_final_seed_123,123,113,2.0,-1,0.06396103623429203,0.09187352051383552,0.05252395570278168,2.7914840597381083,0.0025,
mismatch,3,PPO,ppo_continuous_hopfield_node3_final_seed_123,123,114,2.0,-1,0.021946055552568396,0.01388958562452944,0.03363731503486633,2.104779917558452,0.005,
mismatch,3,PPO,ppo_continuous_hopfield_node3_final_seed_123,123,115,2.0,-1,0.0361570846993888,0.10005619140042935,0.18152767419815063,2.8626636013616698,0.0075,
mismatch,3,PPO,ppo_continuous_hopfield_node3_final_seed_123,123,116,2.0,-1,0.11278158995394107,0.26888802114092275,0.2266551349312067,7.585067445736291,0.015,
mismatch,3,PPO,ppo_continuous_hopfield_node3_final_seed_123,123,117,2.0,-1,0.04531415114477308,0.022081528468356457,0.011444231495261192,8.33811999090909,0.025,
mismatch,3,PPO,ppo_continuous_hopfield_node3_final_seed_123,123,118,2.0,-1,0.05209988659767996,0.05561247037401722,0.01995616778731346,5.373397250058945,0.015,
mismatch,3,PPO,ppo_continuous_hopfield_node3_final_seed_123,123,119,2.0,-1,0.04593403183863632,0.04878377102683356,0.0036292262375354767,7.618248412317801,0.0225,
mismatch,3,PPO,ppo_continuous_hopfield_node3_final_seed_42,42,100,2.0,-1,0.08049552138981503,0.12915153080528533,0.05617023445665836,5.450741620108416,0.015,
mismatch,3,PPO,ppo_continuous_hopfield_node3_final_seed_42,42,101,2.0,-1,0.06327946115585535,0.06722634690411297,0.07487466931343079,7.695162766950389,0.02,
mismatch,3,PPO,ppo_continuous_hopfield_node3_final_seed_42,42,102,2.0,-1,0.07018326660881402,0.07893195665544933,0.023953676223754883,7.302016402834393,0.0175,
mismatch,3,PPO,ppo_continuous_hopfield_node3_final_seed_42,42,103,2.0,-1,0.06460626603817182,0.12275615464436052,0.06205049157142639,8.880481246697997,0.025,
mismatch,3,PPO,ppo_continuous_hopfield_node3_final_seed_42,42,104,2.0,-1,0.13464213820779736,0.13825896443270239,0.06221544183790684,10.225910243412246,0.03,
mismatch,3,PPO,ppo_continuous_hopfield_node3_final_seed_42,42,105,2.0,-1,0.04032948924033459,0.09016495004848198,0.14841210842132568,4.873112920945192,0.01,
mismatch,3,PPO,ppo_continuous_hopfield_node3_final_seed_42,42,106,2.0,-1,0.045020718481283285,0.03858219311906048,0.029992636293172836,5.959863549571953,0.015,
mismatch,3,PPO,ppo_continuous_hopfield_node3_final_seed_42,42,107,2.0,-1,0.08990976513933982,0.18389881245883893,0.19550836086273193,9.360993693156562,0.025,
mismatch,3,PPO,ppo_continuous_hopfield_node3_final_seed_42,42,108,2.0,-1,0.08169858827946998,0.15489906863665875,0.13574755191802979,9.441665801675812,0.025,
mismatch,3,PPO,ppo_continuous_hopfield_node3_final_seed_42,42,109,2.0,-1,0.08514730754391238,0.0762885764218223,0.027805395424365997,8.762832074388992,0.0225,
mismatch,3,PPO,ppo_continuous_hopfield_node3_final_seed_42,42,110,2.0,-1,0.03079416681544008,0.08489466437862979,0.07320604100823402,4.0360554862386,0.0075,
mismatch,3,PPO,ppo_continuous_hopfield_node3_final_seed_42,42,111,2.0,-1,0.04685126177282231,0.05471803676222026,0.009192449040710926,4.432898893179767,0.01,
mismatch,3,PPO,ppo_continuous_hopfield_node3_final_seed_42,42,112,2.0,-1,0.06842956730824178,0.04250083584913317,0.005990277975797653,2.3588423043370073,0.0,
mismatch,3,PPO,ppo_continuous_hopfield_node3_final_seed_42,42,113,2.0,-1,0.06412505372276442,0.09257285851686273,0.053992509841918945,2.685595423797153,0.005,
mismatch,3,PPO,ppo_continuous_hopfield_node3_final_seed_42,42,114,2.0,-1,0.022160818150417195,0.01010343370338281,0.02388577163219452,1.6559568434666967,0.0,
mismatch,3,PPO,ppo_continuous_hopfield_node3_final_seed_42,42,115,2.0,-1,0.03480082019158667,0.09587519272104089,0.1779378354549408,2.684136370155638,0.0075,
mismatch,3,PPO,ppo_continuous_hopfield_node3_final_seed_42,42,116,2.0,-1,0.11229277826831711,0.2666097357639192,0.2248239517211914,6.927627837058706,0.015,
mismatch,3,PPO,ppo_continuous_hopfield_node3_final_seed_42,42,117,2.0,-1,0.04359826088824146,0.021136857356508203,0.0067132990807294846,7.421221571027262,0.0225,
mismatch,3,PPO,ppo_continuous_hopfield_node3_final_seed_42,42,118,2.0,-1,0.05281054543049469,0.05841393777410741,0.022584494203329086,5.193018157527195,0.015,
mismatch,3,PPO,ppo_continuous_hopfield_node3_final_seed_42,42,119,2.0,-1,0.045142884325376983,0.049760295963489715,0.006632789969444275,7.469086224176822,0.0225,
mismatch,3,SAC,sac_continuous_hopfield_node3_screen_100000steps_seed_42,42,100,2.0,-1,0.08774298413618718,0.16507781293519116,0.09226389974355698,5.46277800095964,0.0,
mismatch,3,SAC,sac_continuous_hopfield_node3_screen_100000steps_seed_42,42,101,2.0,-1,0.08206509030443412,0.13206295678277075,0.14906251430511475,6.612052553053082,0.0,
mismatch,3,SAC,sac_continuous_hopfield_node3_screen_100000steps_seed_42,42,102,2.0,-1,0.0931711629550232,0.15546640806635956,0.0689781904220581,4.502094791345226,0.0,
mismatch,3,SAC,sac_continuous_hopfield_node3_screen_100000steps_seed_42,42,103,2.0,-1,0.0723061307324894,0.14150799813185944,0.05213254690170288,8.184542128175824,0.0,
mismatch,3,SAC,sac_continuous_hopfield_node3_screen_100000steps_seed_42,42,104,2.0,-1,0.13630467072881738,0.19770643850903452,0.24183108285069466,9.048375544551089,0.0,
mismatch,3,SAC,sac_continuous_hopfield_node3_screen_100000steps_seed_42,42,105,2.0,-1,0.056786929640039514,0.10921200815542245,0.1461237072944641,4.248127122863406,0.0,
mismatch,3,SAC,sac_continuous_hopfield_node3_screen_100000steps_seed_42,42,106,2.0,-1,0.053238951154393845,0.09370366798966755,0.08027910627424717,2.777438345746839,0.0,
mismatch,3,SAC,sac_continuous_hopfield_node3_screen_100000steps_seed_42,42,107,2.0,-1,0.12462317545031966,0.2629406809070964,0.254871129989624,6.3309962382308695,0.0,
mismatch,3,SAC,sac_continuous_hopfield_node3_screen_100000steps_seed_42,42,108,2.0,-1,0.09079773796850804,0.15973877253723734,0.12378567457199097,7.327103286819216,0.0,
mismatch,3,SAC,sac_continuous_hopfield_node3_screen_100000steps_seed_42,42,109,2.0,-1,0.09511224447005581,0.13013805637573017,0.18615489080548286,7.743024534665684,0.0,
mismatch,3,SAC,sac_continuous_hopfield_node3_screen_100000steps_seed_42,42,110,2.0,-1,0.05020188348710766,0.18199475737070137,0.09246522933244705,2.872622173240205,0.0,
mismatch,3,SAC,sac_continuous_hopfield_node3_screen_100000steps_seed_42,42,111,2.0,-1,0.06509987391912357,0.16006123489573781,0.10891859699040651,4.084878908340755,0.0,
mismatch,3,SAC,sac_continuous_hopfield_node3_screen_100000steps_seed_42,42,112,2.0,-1,0.0798323560546362,0.10633105799601769,0.08849477022886276,4.682817333764888,0.0,
mismatch,3,SAC,sac_continuous_hopfield_node3_screen_100000steps_seed_42,42,113,2.0,-1,0.08549385776252472,0.16062608908539938,0.20698395371437073,3.42785634998927,0.0,
mismatch,3,SAC,sac_continuous_hopfield_node3_screen_100000steps_seed_42,42,114,2.0,-1,0.04170661270215872,0.08504213393884308,0.06434489786624908,2.753847086645735,0.0,
mismatch,3,SAC,sac_continuous_hopfield_node3_screen_100000steps_seed_42,42,115,2.0,-1,0.04989078285943652,0.1551727316296303,0.18748855590820312,2.9410742895678994,0.0,
mismatch,3,SAC,sac_continuous_hopfield_node3_screen_100000steps_seed_42,42,116,2.0,-1,0.13127133693137297,0.28604234515884774,0.22194865345954895,5.427424063872186,0.0,
mismatch,3,SAC,sac_continuous_hopfield_node3_screen_100000steps_seed_42,42,117,2.0,-1,0.06181744672358036,0.10123739799737562,0.0835089161992073,6.488849783558707,0.0,
mismatch,3,SAC,sac_continuous_hopfield_node3_screen_100000steps_seed_42,42,118,2.0,-1,0.05713333175629873,0.09744954415033628,0.1503780409693718,4.634628056959113,0.0,
mismatch,3,SAC,sac_continuous_hopfield_node3_screen_100000steps_seed_42,42,119,2.0,-1,0.06483546011258266,0.13900499803554497,0.09454625844955444,3.63002526923716,0.0,
pulse,2,PPO,ppo_continuous_hopfield_node2_final_seed_1024,1024,100,0.0,200,0.3597241091744778,0.06825267325764821,0.06020742654800415,11.608772076043525,0.025,1.909479943433063
pulse,2,PPO,ppo_continuous_hopfield_node2_final_seed_1024,1024,101,0.0,200,0.3343149363672932,0.06805331619847337,0.06096625328063965,11.346509593268095,0.025,1.8721442763549994
pulse,2,PPO,ppo_continuous_hopfield_node2_final_seed_1024,1024,102,0.0,200,0.4119626712119818,0.06682900644056959,0.06163442134857178,24.643978859377857,0.06,2.1143610400022634
pulse,2,PPO,ppo_continuous_hopfield_node2_final_seed_1024,1024,103,0.0,200,0.3791634803194652,0.06803166681187756,0.060856640338897705,16.524761172996264,0.0425,1.8950747172881048
pulse,2,PPO,ppo_continuous_hopfield_node2_final_seed_1024,1024,104,0.0,200,0.46510324234658496,0.06789816375591873,0.060580670833587646,27.4205766764248,0.0775,1.8900722926436224
pulse,2,PPO,ppo_continuous_hopfield_node2_final_seed_1024,1024,105,0.0,200,0.34480871257456586,0.06749249423313657,0.061465442180633545,18.02412933903826,0.0425,1.909630311527915
pulse,2,PPO,ppo_continuous_hopfield_node2_final_seed_1024,1024,106,0.0,200,0.4625408830315088,0.06757917374740412,0.06177854537963867,26.609099311557422,0.055,2.024011288672241
pulse,2,PPO,ppo_continuous_hopfield_node2_final_seed_1024,1024,107,0.0,200,0.4037701489813378,0.0677907294191328,0.061689913272857666,19.198895805505497,0.04,1.8639996958924319
pulse,2,PPO,ppo_continuous_hopfield_node2_final_seed_1024,1024,108,0.0,200,0.3390691776489738,0.06795455912059103,0.06047987937927246,11.374163790125406,0.0275,1.8935648351212713
pulse,2,PPO,ppo_continuous_hopfield_node2_final_seed_1024,1024,109,0.0,200,0.40052200652154185,0.06798119472776666,0.06062877178192139,16.366072620005713,0.035,1.8799545264788973
pulse,2,PPO,ppo_continuous_hopfield_node2_final_seed_1024,1024,110,0.0,200,0.35233364535878076,0.06740239584519539,0.06080371141433716,17.06619716075847,0.04,1.920736083640388
pulse,2,PPO,ppo_continuous_hopfield_node2_final_seed_1024,1024,111,0.0,200,0.5772821791601659,0.06869910526330825,0.06003826856613159,37.598442369854006,0.1075,1.9214016968078578
pulse,2,PPO,ppo_continuous_hopfield_node2_final_seed_1024,1024,112,0.0,200,0.34714373628936357,0.06761706714736826,0.060762643814086914,13.539259230006717,0.03,1.8956013528435534
pulse,2,PPO,ppo_continuous_hopfield_node2_final_seed_1024,1024,113,0.0,200,0.5360274092291953,0.0683506769300611,0.06035858392715454,26.981963531594456,0.06,1.9219393122533512
pulse,2,PPO,ppo_continuous_hopfield_node2_final_seed_1024,1024,114,0.0,200,0.34090662001015143,0.06835051966302189,0.060626447200775146,8.244881305677424,0.0175,1.8987831269108242
pulse,2,PPO,ppo_continuous_hopfield_node2_final_seed_1024,1024,115,0.0,200,0.3625930015412674,0.06850407154149847,0.05987733602523804,8.372740598475971,0.015,1.8793032585471794
pulse,2,PPO,ppo_continuous_hopfield_node2_final_seed_1024,1024,116,0.0,200,0.36252356955126636,0.06738813297340164,0.06090480089187622,16.4298958144108,0.035,1.9360946024031336
pulse,2,PPO,ppo_continuous_hopfield_node2_final_seed_1024,1024,117,0.0,200,0.4088777082493019,0.06837944044835037,0.0606498122215271,23.097602279658922,0.0475,1.8991639085614413
pulse,2,PPO,ppo_continuous_hopfield_node2_final_seed_1024,1024,118,0.0,200,0.3504940714975099,0.06755874018518278,0.061329662799835205,12.8555047929453,0.0275,1.8953981311407997
pulse,2,PPO,ppo_continuous_hopfield_node2_final_seed_1024,1024,119,0.0,200,0.5813477935905453,0.06850199769308538,0.05993300676345825,30.279665242902762,0.075,1.8768665283844246
pulse,2,PPO,ppo_continuous_hopfield_node2_final_seed_123,123,100,0.0,200,0.3970023929323391,0.0820955997907821,0.08557325601577759,10.80284910761014,0.02,2.115326482121513
pulse,2,PPO,ppo_continuous_hopfield_node2_final_seed_123,123,101,0.0,200,0.36972524112141564,0.08129487919080773,0.08717203140258789,11.588804428358605,0.0225,2.0742617586108656
pulse,2,PPO,ppo_continuous_hopfield_node2_final_seed_123,123,102,0.0,200,0.463176933034375,0.07776659663858605,0.08765453100204468,18.665674422798695,0.04,2.407098770146235
pulse,2,PPO,ppo_continuous_hopfield_node2_final_seed_123,123,103,0.0,200,0.4229115751573502,0.08115284166724225,0.08681422472000122,16.810067845722113,0.04,2.1153870733658695
pulse,2,PPO,ppo_continuous_hopfield_node2_final_seed_123,123,104,0.0,200,0.4984381252068311,0.08093856856870799,0.08616739511489868,24.658230856880685,0.055,2.10977747751891
pulse,2,PPO,ppo_continuous_hopfield_node2_final_seed_123,123,105,0.0,200,0.38856839668702453,0.07920859013626605,0.08769750595092773,17.266547024353297,0.04,2.166817774764489
pulse,2,PPO,ppo_continuous_hopfield_node2_final_seed_123,123,106,0.0,200,0.5131156321135771,0.07875312416365852,0.08805757761001587,21.745831935236588,0.05,2.324053758291982
pulse,2,PPO,ppo_continuous_hopfield_node2_final_seed_123,123,107,0.0,200,0.44582208066231144,0.0802148445336907,0.0885116457939148,16.661050636015137,0.035,2.088100371011232
pulse,2,PPO,ppo_continuous_hopfield_node2_final_seed_123,123,108,0.0,200,0.37717670733488456,0.08114823710495307,0.08598566055297852,12.344250707226696,0.0275,2.1105531695859496
pulse,2,PPO,ppo_continuous_hopfield_node2_final_seed_123,123,109,0.0,200,0.44161780062886397,0.08127722794902914,0.08640062808990479,15.31928488821054,0.03,2.0860693553156815
pulse,2,PPO,ppo_continuous_hopfield_node2_final_seed_123,123,110,0.0,200,0.3955620554227812,0.07926500776069767,0.08629697561264038,15.282385211271023,0.035,2.172474517825231
pulse,2,PPO,ppo_continuous_hopfield_node2_final_seed_123,123,111,0.0,200,0.5925860729878296,0.08342556450745942,0.0855093002319336,31.44693845505168,0.0725,2.0996616296192157
pulse,2,PPO,ppo_continuous_hopfield_node2_final_seed_123,123,112,0.0,200,0.3944234971347221,0.07977526940773298,0.08627861738204956,13.382705702558614,0.03,2.1431998603175675
pulse,2,PPO,ppo_continuous_hopfield_node2_final_seed_123,123,113,0.0,200,0.5648111096573243,0.08218908242099447,0.08588260412216187,20.39339937255508,0.045,2.1356091668588384
pulse,2,PPO,ppo_continuous_hopfield_node2_final_seed_123,123,114,0.0,200,0.37663028992136516,0.08221351204692949,0.08656591176986694,9.965614005079873,0.0175,2.0947653160138584
pulse,2,PPO,ppo_continuous_hopfield_node2_final_seed_123,123,115,0.0,200,0.3965912186573565,0.08292989590331729,0.0851554274559021,9.148804853901517,0.015,2.044950730269265
pulse,2,PPO,ppo_continuous_hopfield_node2_final_seed_123,123,116,0.0,200,0.40477071116590935,0.07916457888980706,0.0864722728729248,12.944168196441456,0.025,2.193447006263988
pulse,2,PPO,ppo_continuous_hopfield_node2_final_seed_123,123,117,0.0,200,0.4410671349127134,0.08229623454404467,0.08664155006408691,20.816795380270456,0.0425,2.092095555793216
pulse,2,PPO,ppo_continuous_hopfield_node2_final_seed_123,123,118,0.0,200,0.39416840893440164,0.07946102937430512,0.0874672532081604,11.542642951160701,0.0225,2.146570308717774
pulse,2,PPO,ppo_continuous_hopfield_node2_final_seed_123,123,119,0.0,200,0.5921963718239797,0.08288752768234706,0.08528351783752441,22.37111135848206,0.05,2.041093632050637
pulse,2,PPO,ppo_continuous_hopfield_node2_final_seed_42,42,100,0.0,200,0.4052913954153623,0.13015732840623384,0.038045644760131836,13.256275862827454,0.025,2.1758926722837324
pulse,2,PPO,ppo_continuous_hopfield_node2_final_seed_42,42,101,0.0,200,0.3802648573828952,0.12908480265810165,0.039906322956085205,10.701936628622127,0.0225,2.131897071784186
pulse,2,PPO,ppo_continuous_hopfield_node2_final_seed_42,42,102,0.0,200,0.4641435966658207,0.12562479892814601,0.04044985771179199,20.21695084927645,0.0425,2.4167595018183268
pulse,2,PPO,ppo_continuous_hopfield_node2_final_seed_42,42,103,0.0,200,0.43108309855849536,0.12892762240436342,0.039445698261260986,15.598553108574986,0.04,2.1726908117755137
pulse,2,PPO,ppo_continuous_hopfield_node2_final_seed_42,42,104,0.0,200,0.505011444652789,0.12891767459151185,0.03872406482696533,24.685290804959806,0.0625,2.1640248069938144
pulse,2,PPO,ppo_continuous_hopfield_node2_final_seed_42,42,105,0.0,200,0.3983668549015734,0.1269261217503636,0.04048043489456177,17.97033024940247,0.0425,2.2061531105963743
pulse,2,PPO,ppo_continuous_hopfield_node2_final_seed_42,42,106,0.0,200,0.5191361166196948,0.1263700894275565,0.04082673788070679,23.101804486347625,0.05,2.3565603066699126
pulse,2,PPO,ppo_continuous_hopfield_node2_final_seed_42,42,107,0.0,200,0.45221437986069984,0.12764665806367073,0.04140591621398926,15.74586679063923,0.035,2.143419303027774
pulse,2,PPO,ppo_continuous_hopfield_node2_final_seed_42,42,108,0.0,200,0.3874700180164299,0.12915235486479454,0.03851526975631714,10.973737431602515,0.0275,2.1660805531031455
pulse,2,PPO,ppo_continuous_hopfield_node2_final_seed_42,42,109,0.0,200,0.4534034182186721,0.1292279355779842,0.03901803493499756,18.59154429221796,0.0325,2.142151345197686
pulse,2,PPO,ppo_continuous_hopfield_node2_final_seed_42,42,110,0.0,200,0.39976067389829933,0.12751233554732652,0.03895461559295654,14.645010152682685,0.0325,2.1972761072823084
pulse,2,PPO,ppo_continuous_hopfield_node2_final_seed_42,42,111,0.0,200,0.6073041058386229,0.13166879062299375,0.03803342580795288,31.856233046078568,0.0775,2.1649925842306654
pulse,2,PPO,ppo_continuous_hopfield_node2_final_seed_42,42,112,0.0,200,0.4007855664237293,0.12793351728239177,0.03889334201812744,12.024982188278086,0.0275,2.180635940978554
pulse,2,PPO,ppo_continuous_hopfield_node2_final_seed_42,42,113,0.0,200,0.5745120496587427,0.13011504958073297,0.03836667537689209,18.872629689113506,0.0425,2.1974056568460085
pulse,2,PPO,ppo_continuous_hopfield_node2_final_seed_42,42,114,0.0,200,0.38980230503248753,0.13010223816942285,0.0391964316368103,14.079098208281419,0.02,2.156621049607719
pulse,2,PPO,ppo_continuous_hopfield_node2_final_seed_42,42,115,0.0,200,0.4087394436121495,0.13147096634830957,0.03773927688598633,11.749347596440192,0.015,2.106092123092333
pulse,2,PPO,ppo_continuous_hopfield_node2_final_seed_42,42,116,0.0,200,0.40823882564217945,0.12735536147230936,0.03914225101470947,12.660235443705998,0.0275,2.217595234879325
pulse,2,PPO,ppo_continuous_hopfield_node2_final_seed_42,42,117,0.0,200,0.4528360701694849,0.13017862423518559,0.03928720951080322,20.145463722719576,0.0475,2.154703367862906
pulse,2,PPO,ppo_continuous_hopfield_node2_final_seed_42,42,118,0.0,200,0.4032452137690233,0.1272145084760807,0.04021531343460083,11.121177621527256,0.0225,2.1898136465481266
pulse,2,PPO,ppo_continuous_hopfield_node2_final_seed_42,42,119,0.0,200,0.603281055617743,0.13141532959761443,0.03789240121841431,22.132138168377754,0.0475,2.1023042016565356
pulse,2,SAC,sac_continuous_hopfield_node2_screen_100000steps_seed_42,42,100,0.0,200,1.0621689112929755,0.7013598217824359,0.3995627164840698,27.30674104610297,0.0,5.966052790742312
pulse,2,SAC,sac_continuous_hopfield_node2_screen_100000steps_seed_42,42,101,0.0,200,1.0012791760177573,0.602448885731491,0.4052545428276062,28.038183273203607,0.0,5.668513500720114
pulse,2,SAC,sac_continuous_hopfield_node2_screen_100000steps_seed_42,42,102,0.0,200,0.8101502089727909,0.4110944355711525,0.4078371524810791,23.656109592638618,0.0,4.271171757089558
pulse,2,SAC,sac_continuous_hopfield_node2_screen_100000steps_seed_42,42,103,0.0,200,1.0813902274009495,0.6829384771394141,0.39684075117111206,31.89277501966343,0.0,5.946565624122596
pulse,2,SAC,sac_continuous_hopfield_node2_screen_100000steps_seed_42,42,104,0.0,200,1.1654795277848258,0.7144491447158802,0.3948228359222412,36.08947553905934,0.0,6.000445647508054
pulse,2,SAC,sac_continuous_hopfield_node2_screen_100000steps_seed_42,42,105,0.0,200,0.9684048583723314,0.5368874966178412,0.4022855758666992,32.16796768209006,0.0,5.274244712489606
pulse,2,SAC,sac_continuous_hopfield_node2_screen_100000steps_seed_42,42,106,0.0,200,1.1469419663702312,0.6984091765350766,0.38236039876937866,29.51743143437781,0.0,5.962236935893695
pulse,2,SAC,sac_continuous_hopfield_node2_screen_100000steps_seed_42,42,107,0.0,200,1.0108509187579637,0.5283591410628071,0.4056923985481262,27.459752350429394,0.0,5.406922670553869
pulse,2,SAC,sac_continuous_hopfield_node2_screen_100000steps_seed_42,42,108,0.0,200,1.0659935493409287,0.7207127095740519,0.3949905037879944,29.50068008172295,0.0,6.025563004449825
pulse,2,SAC,sac_continuous_hopfield_node2_screen_100000steps_seed_42,42,109,0.0,200,1.1301333428417035,0.6746651444722105,0.399914026260376,30.04952362728933,0.0,5.87913452893199
pulse,2,SAC,sac_continuous_hopfield_node2_screen_100000steps_seed_42,42,110,0.0,200,0.664919002835522,0.39634905691132133,0.41995978355407715,26.131964607053227,0.0,3.649357533684714
pulse,2,SAC,sac_continuous_hopfield_node2_screen_100000steps_seed_42,42,111,0.0,200,1.1653181608837542,0.5107135349125774,0.41950392723083496,43.040605288478105,0.0,5.332365080436219
pulse,2,SAC,sac_continuous_hopfield_node2_screen_100000steps_seed_42,42,112,0.0,200,0.7336722963558493,0.404415726247761,0.418867290019989,24.21964448600636,0.0,3.987164127867465
pulse,2,SAC,sac_continuous_hopfield_node2_screen_100000steps_seed_42,42,113,0.0,200,1.2334377031869326,0.6748365484821943,0.4002911448478699,33.36432424285882,0.0,5.965787268285431
pulse,2,SAC,sac_continuous_hopfield_node2_screen_100000steps_seed_42,42,114,0.0,200,0.9847414914157833,0.5791604336765077,0.40924155712127686,26.53697489010974,0.0,5.6098810623386015
pulse,2,SAC,sac_continuous_hopfield_node2_screen_100000steps_seed_42,42,115,0.0,200,1.0049753130296692,0.5499648616453747,0.4193880558013916,29.014841666535837,0.0,5.426076627989758
pulse,2,SAC,sac_continuous_hopfield_node2_screen_100000steps_seed_42,42,116,0.0,200,0.700169659023818,0.39820188412695756,0.4184681177139282,20.86307736968164,0.0,3.7319023406031118
pulse,2,SAC,sac_continuous_hopfield_node2_screen_100000steps_seed_42,42,117,0.0,200,1.0525024505246954,0.5583189851891848,0.4112367033958435,33.181936559715325,0.0,5.525820664727866
pulse,2,SAC,sac_continuous_hopfield_node2_screen_100000steps_seed_42,42,118,0.0,200,0.9864221588179705,0.5835048502977983,0.40003257989883423,23.767406605233777,0.0,5.455954721651564
pulse,2,SAC,sac_continuous_hopfield_node2_screen_100000steps_seed_42,42,119,0.0,200,1.2019293544611158,0.5289782395609367,0.4211723804473877,37.82054280251035,0.0,5.359465462818223
pulse,3,PPO,ppo_continuous_hopfield_node3_final_seed_1024,1024,100,0.0,200,0.23593904402905166,0.02508088187487037,0.010466575622558594,21.592737090248534,0.0625,1.2923764570324279
pulse,3,PPO,ppo_continuous_hopfield_node3_final_seed_1024,1024,101,0.0,200,0.2363314277717746,0.025262790421644848,0.010797858238220215,17.61889954697517,0.05,1.3002473057446937
pulse,3,PPO,ppo_continuous_hopfield_node3_final_seed_1024,1024,102,0.0,200,0.2293288374270513,0.025292235001185794,0.011254191398620605,20.440315298586796,0.06,1.2722959646686394
pulse,3,PPO,ppo_continuous_hopfield_node3_final_seed_1024,1024,103,0.0,200,0.28743158389358603,0.025155617809498015,0.01078706979751587,18.985085793972164,0.05,1.2928905884749187
pulse,3,PPO,ppo_continuous_hopfield_node3_final_seed_1024,1024,104,0.0,200,0.2780081757722873,0.02520835495059505,0.010671138763427734,23.491181963811336,0.0725,1.2865128497273397
pulse,3,PPO,ppo_continuous_hopfield_node3_final_seed_1024,1024,105,0.0,200,0.2604732302769226,0.025344026217490066,0.011113345623016357,19.89054919450527,0.0525,1.2830432975358927
pulse,3,PPO,ppo_continuous_hopfield_node3_final_seed_1024,1024,106,0.0,200,0.27578795411127,0.02499474764422134,0.011326909065246582,27.62872869810888,0.0825,1.27300844375804
pulse,3,PPO,ppo_continuous_hopfield_node3_final_seed_1024,1024,107,0.0,200,0.23375146547336276,0.025379201673247195,0.011147499084472656,21.45472204463884,0.0625,1.3013316081067667
pulse,3,PPO,ppo_continuous_hopfield_node3_final_seed_1024,1024,108,0.0,200,0.2570959267640798,0.025184919965671904,0.010619759559631348,16.099664867439795,0.0475,1.2868271972057386
pulse,3,PPO,ppo_continuous_hopfield_node3_final_seed_1024,1024,109,0.0,200,0.24874405081500783,0.025269215466615595,0.010660290718078613,24.610707620482884,0.0725,1.293903152991216
pulse,3,PPO,ppo_continuous_hopfield_node3_final_seed_1024,1024,110,0.0,200,0.25320133358915203,0.02548846508157842,0.01078861951828003,18.424570955097558,0.0525,1.2809992459375614
pulse,3,PPO,ppo_continuous_hopfield_node3_final_seed_1024,1024,111,0.0,200,0.28811478608923463,0.0246359413995603,0.010328114032745361,23.878546118040337,0.07,1.2895364768071036
pulse,3,PPO,ppo_continuous_hopfield_node3_final_seed_1024,1024,112,0.0,200,0.2836541118683233,0.025358362790243127,0.010778725147247314,24.997591176601617,0.0725,1.2805735817855566
pulse,3,PPO,ppo_continuous_hopfield_node3_final_seed_1024,1024,113,0.0,200,0.2700736860660271,0.024965597339618353,0.010545849800109863,28.63147881781608,0.0825,1.2935571429407715
pulse,3,PPO,ppo_continuous_hopfield_node3_final_seed_1024,1024,114,0.0,200,0.252731937257045,0.02493767082737184,0.010635554790496826,20.874785796895306,0.0575,1.2954144924184057
pulse,3,PPO,ppo_continuous_hopfield_node3_final_seed_1024,1024,115,0.0,200,0.26900194649579173,0.025141274487530743,0.010217010974884033,24.20219456366192,0.07,1.299776571677692
pulse,3,PPO,ppo_continuous_hopfield_node3_final_seed_1024,1024,116,0.0,200,0.23375353852444866,0.02544268926628578,0.010846853256225586,20.915061325215817,0.06,1.2794631959601719
pulse,3,PPO,ppo_continuous_hopfield_node3_final_seed_1024,1024,117,0.0,200,0.23953738867391153,0.024878855438236102,0.010641694068908691,23.351687129990204,0.07,1.294549184202666
pulse,3,PPO,ppo_continuous_hopfield_node3_final_seed_1024,1024,118,0.0,200,0.26809041472562184,0.02533082399563289,0.011046111583709717,17.703712040366746,0.05,1.2835935497776934
pulse,3,PPO,ppo_continuous_hopfield_node3_final_seed_1024,1024,119,0.0,200,0.26207158598330427,0.025129405574666128,0.010240733623504639,27.30549059822778,0.08,1.299735768471117
pulse,3,PPO,ppo_continuous_hopfield_node3_final_seed_123,123,100,0.0,200,0.23777845746304155,0.025281353451219606,0.02085292339324951,16.965666972682413,0.05,1.30433960806634
pulse,3,PPO,ppo_continuous_hopfield_node3_final_seed_123,123,101,0.0,200,0.2397315514286328,0.02550259708530373,0.02068626880645752,12.515165336809297,0.0375,1.3191875105825674
pulse,3,PPO,ppo_continuous_hopfield_node3_final_seed_123,123,102,0.0,200,0.2269156737305713,0.025534240057530962,0.020795762538909912,14.958968199151226,0.045,1.2549908070950144
pulse,3,PPO,ppo_continuous_hopfield_node3_final_seed_123,123,103,0.0,200,0.2838412965401111,0.025397166920204956,0.020774364471435547,16.176168668522998,0.0425,1.3026161717936693
pulse,3,PPO,ppo_continuous_hopfield_node3_final_seed_123,123,104,0.0,200,0.2834671170962471,0.02541051216331529,0.020818233489990234,19.679531170873727,0.0575,1.294704768380419
pulse,3,PPO,ppo_continuous_hopfield_node3_final_seed_123,123,105,0.0,200,0.26256995697305263,0.025584992251278443,0.02072465419769287,14.707187113345231,0.0375,1.2823603079371637
pulse,3,PPO,ppo_continuous_hopfield_node3_final_seed_123,123,106,0.0,200,0.2644602368086041,0.025283835770815243,0.020841360092163086,22.010016457740335,0.065,1.2545435138890029
pulse,3,PPO,ppo_continuous_hopfield_node3_final_seed_123,123,107,0.0,200,0.23490403660868023,0.02565212872017313,0.020596683025360107,17.781929393844877,0.0525,1.3155920276816804
pulse,3,PPO,ppo_continuous_hopfield_node3_final_seed_123,123,108,0.0,200,0.2613220342271593,0.025383581384372564,0.020830750465393066,12.433480433427643,0.035,1.2955361516516082
pulse,3,PPO,ppo_continuous_hopfield_node3_final_seed_123,123,109,0.0,200,0.24716791813203745,0.025476262709240853,0.02075481414794922,17.536392889850152,0.0525,1.3083691244008975
pulse,3,PPO,ppo_continuous_hopfield_node3_final_seed_123,123,110,0.0,200,0.2531437155057491,0.02565959935294993,0.02077615261077881,12.323145482756814,0.035,1.284073888894115
pulse,3,PPO,ppo_continuous_hopfield_node3_final_seed_123,123,111,0.0,200,0.2965889251670945,0.024921323851118855,0.020857691764831543,19.88413970822677,0.06,1.3214556497628267
pulse,3,PPO,ppo_continuous_hopfield_node3_final_seed_123,123,112,0.0,200,0.2722798367487677,0.025542011070582602,0.02081286907196045,14.092101130456296,0.0325,1.282863023324837
pulse,3,PPO,ppo_continuous_hopfield_node3_final_seed_123,123,113,0.0,200,0.2678740361522719,0.02519300658209824,0.02086818218231201,21.86156478818782,0.0625,1.3043124222970424
pulse,3,PPO,ppo_continuous_hopfield_node3_final_seed_123,123,114,0.0,200,0.2515131602875102,0.02520442322862369,0.02077925205230713,13.495142819097987,0.035,1.3177408392666214
pulse,3,PPO,ppo_continuous_hopfield_node3_final_seed_123,123,115,0.0,200,0.2656407097282147,0.025337288501086058,0.020746171474456787,17.434040284305166,0.05,1.3308499716129618
pulse,3,PPO,ppo_continuous_hopfield_node3_final_seed_123,123,116,0.0,200,0.23477681075452717,0.02562540144096186,0.020784616470336914,14.0705417337841,0.0375,1.2800567163274952
pulse,3,PPO,ppo_continuous_hopfield_node3_final_seed_123,123,117,0.0,200,0.24260416264852458,0.02516008285736596,0.020776867866516113,17.53904718241484,0.0525,1.3194254651313546
pulse,3,PPO,ppo_continuous_hopfield_node3_final_seed_123,123,118,0.0,200,0.27370950045003706,0.025564486850742942,0.020737886428833008,13.018333450840514,0.035,1.2846306682985962
pulse,3,PPO,ppo_continuous_hopfield_node3_final_seed_123,123,119,0.0,200,0.2660412125330858,0.0253326687041992,0.020734846591949463,21.638489907017014,0.0625,1.3322573122452592
pulse,3,PPO,ppo_continuous_hopfield_node3_final_seed_42,42,100,0.0,200,0.2383865732418997,0.026486888665843894,0.015577971935272217,15.225022453429132,0.045,1.3069425992000459
pulse,3,PPO,ppo_continuous_hopfield_node3_final_seed_42,42,101,0.0,200,0.23996394641441157,0.026757236133203095,0.015652894973754883,12.507078050229559,0.0375,1.321042125099408
pulse,3,PPO,ppo_continuous_hopfield_node3_final_seed_42,42,102,0.0,200,0.22728521368642055,0.026853557503609744,0.015981435775756836,14.711547960001486,0.045,1.2602969163157676
pulse,3,PPO,ppo_continuous_hopfield_node3_final_seed_42,42,103,0.0,200,0.28413368869119604,0.026645434272969948,0.015706121921539307,15.765584288022247,0.0425,1.3056538199764949
pulse,3,PPO,ppo_continuous_hopfield_node3_final_seed_42,42,104,0.0,200,0.28291777398201917,0.026655047465069793,0.01566380262374878,18.986507106227,0.0575,1.2976477241319655
pulse,3,PPO,ppo_continuous_hopfield_node3_final_seed_42,42,105,0.0,200,0.2622883657584972,0.02688744836659343,0.015852034091949463,14.097175307559935,0.0375,1.2862169177859872
pulse,3,PPO,ppo_continuous_hopfield_node3_final_seed_42,42,106,0.0,200,0.2628486964931744,0.02657006534943242,0.016070246696472168,18.921345584817303,0.0525,1.260289331532051
pulse,3,PPO,ppo_continuous_hopfield_node3_final_seed_42,42,107,0.0,200,0.23445652650958757,0.02694921158714059,0.015791237354278564,16.149006145416244,0.0475,1.3180426233795597
pulse,3,PPO,ppo_continuous_hopfield_node3_final_seed_42,42,108,0.0,200,0.26136667497381755,0.02662042829633495,0.01564466953277588,11.605556916997106,0.0325,1.2984317065730913
pulse,3,PPO,ppo_continuous_hopfield_node3_final_seed_42,42,109,0.0,200,0.2474838993415323,0.026723407956277145,0.015615642070770264,16.548458437927287,0.045,1.310709736782557
pulse,3,PPO,ppo_continuous_hopfield_node3_final_seed_42,42,110,0.0,200,0.25293224889410354,0.026963287113625327,0.015688419342041016,11.952714130816108,0.035,1.2872437187076653
pulse,3,PPO,ppo_continuous_hopfield_node3_final_seed_42,42,111,0.0,200,0.2962612613365178,0.026019252813708635,0.015532314777374268,19.945790423895424,0.06,1.3218318467023806
pulse,3,PPO,ppo_continuous_hopfield_node3_final_seed_42,42,112,0.0,200,0.2718045268442361,0.026824993403329524,0.01571279764175415,13.83711366796851,0.03,1.2861815030033241
pulse,3,PPO,ppo_continuous_hopfield_node3_final_seed_42,42,113,0.0,200,0.26831721627801436,0.02638682989794531,0.015638768672943115,21.932435593135043,0.0625,1.306958729994312
pulse,3,PPO,ppo_continuous_hopfield_node3_final_seed_42,42,114,0.0,200,0.2516578856943886,0.026388135129286918,0.01563817262649536,13.31783865443933,0.035,1.3192221688949943
pulse,3,PPO,ppo_continuous_hopfield_node3_final_seed_42,42,115,0.0,200,0.26357780141831033,0.026509465431265623,0.015370607376098633,15.78713787133717,0.0425,1.3313517085142175
pulse,3,PPO,ppo_continuous_hopfield_node3_final_seed_42,42,116,0.0,200,0.23443251837034115,0.026929066723419562,0.01572883129119873,14.169141777354913,0.04,1.2835607328660674
pulse,3,PPO,ppo_continuous_hopfield_node3_final_seed_42,42,117,0.0,200,0.23682236282041888,0.026331561341605806,0.015643715858459473,15.030408810458058,0.045,1.3206115381569783
pulse,3,PPO,ppo_continuous_hopfield_node3_final_seed_42,42,118,0.0,200,0.2733255915579108,0.026861673312974566,0.015822172164916992,11.373158139723788,0.03,1.2883057470586319
pulse,3,PPO,ppo_continuous_hopfield_node3_final_seed_42,42,119,0.0,200,0.2660021804238678,0.026504848566320207,0.015377938747406006,21.520018522714892,0.0625,1.3326500083750754
pulse,3,SAC,sac_continuous_hopfield_node3_screen_100000steps_seed_42,42,100,0.0,200,0.24991430545300058,0.08572244563680372,0.0556296706199646,15.843980158998207,0.02,1.3001951343328946
pulse,3,SAC,sac_continuous_hopfield_node3_screen_100000steps_seed_42,42,101,0.0,200,0.24272637239851658,0.08440624483297636,0.052959978580474854,13.387686937183808,0.02,1.306973132800626
pulse,3,SAC,sac_continuous_hopfield_node3_screen_100000steps_seed_42,42,102,0.0,200,0.2394967626680404,0.0858629642882281,0.05365246534347534,15.780721197013865,0.02,1.268767065869005
pulse,3,SAC,sac_continuous_hopfield_node3_screen_100000steps_seed_42,42,103,0.0,200,0.30590812919052907,0.08509749310941976,0.05401653051376343,16.843366630963104,0.02,1.2949076695367694
pulse,3,SAC,sac_continuous_hopfield_node3_screen_100000steps_seed_42,42,104,0.0,200,0.2841590353870704,0.0855905592303585,0.05491018295288086,18.66004218008943,0.02,1.2927380433556304
pulse,3,SAC,sac_continuous_hopfield_node3_screen_100000steps_seed_42,42,105,0.0,200,0.2652035709362127,0.08520418748167562,0.05304485559463501,14.956592458566952,0.02,1.2857249306505592
pulse,3,SAC,sac_continuous_hopfield_node3_screen_100000steps_seed_42,42,106,0.0,200,0.2874346877268654,0.08590166578874175,0.05364429950714111,17.39047372750523,0.02,1.2641349285470314
pulse,3,SAC,sac_continuous_hopfield_node3_screen_100000steps_seed_42,42,107,0.0,200,0.23827703230598585,0.08400236507072861,0.051256656646728516,17.0941841717657,0.02,1.3060339892755692
pulse,3,SAC,sac_continuous_hopfield_node3_screen_100000steps_seed_42,42,108,0.0,200,0.2643966863004619,0.08569609233534631,0.05516231060028076,12.54364241721095,0.02,1.2936459802165257
pulse,3,SAC,sac_continuous_hopfield_node3_screen_100000steps_seed_42,42,109,0.0,200,0.25199111935342733,0.08508879392419333,0.05421644449234009,17.326165572130442,0.02,1.297680641195519
pulse,3,SAC,sac_continuous_hopfield_node3_screen_100000steps_seed_42,42,110,0.0,200,0.2637439534766406,0.0855617361649135,0.054549455642700195,12.827465008997386,0.02,1.283827110008332
pulse,3,SAC,sac_continuous_hopfield_node3_screen_100000steps_seed_42,42,111,0.0,200,0.2953767770768166,0.08518372801488933,0.05532628297805786,21.05220522644749,0.02,1.311691941827795
pulse,3,SAC,sac_continuous_hopfield_node3_screen_100000steps_seed_42,42,112,0.0,200,0.2839274182102812,0.08572206090859792,0.05484133958816528,15.699663389617239,0.02,1.2847476977326755
pulse,3,SAC,sac_continuous_hopfield_node3_screen_100000steps_seed_42,42,113,0.0,200,0.2781636941766154,0.0857279947326507,0.0554545521736145,22.852747855076977,0.02,1.3012666926529277
pulse,3,SAC,sac_continuous_hopfield_node3_screen_100000steps_seed_42,42,114,0.0,200,0.25867486251355554,0.08487849523899732,0.05403947830200195,12.99661753501438,0.02,1.3094665712181164
pulse,3,SAC,sac_continuous_hopfield_node3_screen_100000steps_seed_42,42,115,0.0,200,0.2677525548118841,0.08476923946521164,0.05494803190231323,16.512483063038484,0.02,1.3127980500700611
pulse,3,SAC,sac_continuous_hopfield_node3_screen_100000steps_seed_42,42,116,0.0,200,0.2430396857384998,0.08561663852751623,0.05447268486022949,14.672723660143621,0.02,1.2818670712587474
pulse,3,SAC,sac_continuous_hopfield_node3_screen_100000steps_seed_42,42,117,0.0,200,0.23988279817488078,0.0847897263082825,0.053904831409454346,17.125814161079834,0.02,1.3107985868697885
pulse,3,SAC,sac_continuous_hopfield_node3_screen_100000steps_seed_42,42,118,0.0,200,0.27534301883865425,0.08525582913447309,0.053328514099121094,11.986715852200904,0.02,1.2872001869205516
pulse,3,SAC,sac_continuous_hopfield_node3_screen_100000steps_seed_42,42,119,0.0,200,0.27195618615941713,0.08466214105992774,0.054729163646698,22.5078649263667,0.02,1.3132213684707064
