model_name,train_seed,node,method,test_seed,mismatch,pulse_step,mae,rmse,mean_l1,steady_l1,final_l1,mean_abs_u,energy_u,saturation_fraction,max_post_pulse,mean_post_pulse_error,recovery_steps,recovery_time,controlled_nodes,observation_mode,observation_dim,num_control_inputs,action_limit,noise_std
ppo_continuous_hopfield_node1_final_seed_42,42,1,PPO,100,0.0,-1,1.3275515913083864,1.5351838346378346,3.982654773925159,4.9314785925326525,7.617194175720215,3.2412849836367323,252.34542721909153,0.76,nan,nan,nan,nan,1,full,6,1,4.0,0.0
ppo_continuous_hopfield_node1_final_seed_42,42,1,PPO,101,0.0,-1,1.0569726346727966,1.328359147326456,3.1709179040183897,2.170339689164618,3.4294706881046295,2.840035279176925,205.73856912616293,0.5625,nan,nan,nan,nan,1,full,6,1,4.0,0.0
ppo_continuous_hopfield_node1_final_seed_42,42,1,PPO,102,0.0,-1,1.4921010740825957,1.7257623653972258,4.476303222247787,4.513604797514868,7.022945404052734,3.6318150849785296,282.81180658090466,0.825,nan,nan,nan,nan,1,full,6,1,4.0,0.0
ppo_continuous_hopfield_node1_final_seed_42,42,1,PPO,103,0.0,-1,1.4908451836522132,1.6843786723427896,4.47253555095664,4.157738259177149,5.460057973861694,3.6629086403812554,280.8381004595992,0.79,nan,nan,nan,nan,1,full,6,1,4.0,0.0
ppo_continuous_hopfield_node1_final_seed_42,42,1,PPO,104,0.0,-1,1.5213013024805602,1.8659394292454212,4.563903907441681,2.2726842334700956,3.609485149383545,3.207503245748635,235.56728416745864,0.6675,nan,nan,nan,nan,1,full,6,1,4.0,0.0
ppo_continuous_hopfield_node1_final_seed_42,42,1,PPO,105,0.0,-1,1.127777286835405,1.3856126723507394,3.383331860506215,3.446885189984316,1.4704433977603912,3.011296919140584,213.96685372787388,0.54,nan,nan,nan,nan,1,full,6,1,4.0,0.0
ppo_continuous_hopfield_node1_final_seed_42,42,1,PPO,106,0.0,-1,1.4591388996297234,1.6986601297552772,4.377416698889171,3.2448224406459447,3.9854360818862915,3.4577375202999447,262.93924858948407,0.745,nan,nan,nan,nan,1,full,6,1,4.0,0.0
ppo_continuous_hopfield_node1_final_seed_42,42,1,PPO,107,0.0,-1,1.563846574275633,1.7193868005804989,4.6915397228268985,3.3325691414468084,5.081003665924072,3.912744790835868,309.5244301952323,0.9125,nan,nan,nan,nan,1,full,6,1,4.0,0.0
ppo_continuous_hopfield_node1_final_seed_42,42,1,PPO,108,0.0,-1,1.130973230703662,1.4222220082577044,3.3929196921109854,2.214766584382749,3.7628661394119263,3.0337772402642966,214.51856971721728,0.53,nan,nan,nan,nan,1,full,6,1,4.0,0.0
ppo_continuous_hopfield_node1_final_seed_42,42,1,PPO,109,0.0,-1,1.2205541978527483,1.4547355584783939,3.661662593558245,4.600170166864071,2.516105204820633,3.247867278085831,243.22160417762117,0.6425,nan,nan,nan,nan,1,full,6,1,4.0,0.0
ppo_continuous_hopfield_node1_final_seed_42,42,1,PPO,110,0.0,-1,1.4886982076037256,1.7118714768193304,4.466094622811177,6.496399705424721,3.087902694940567,3.4735901918717453,266.0541673253639,0.7925,nan,nan,nan,nan,1,full,6,1,4.0,0.0
ppo_continuous_hopfield_node1_final_seed_42,42,1,PPO,111,0.0,-1,1.5826355484829084,1.939991614930036,4.747906645448725,2.7805297195359513,2.7512128353118896,3.241759941502105,238.93165313901142,0.67,nan,nan,nan,nan,1,full,6,1,4.0,0.0
ppo_continuous_hopfield_node1_final_seed_42,42,1,PPO,112,0.0,-1,1.7160541140354384,1.8534189756884223,5.148162342106315,5.10278112983998,6.944865465164185,3.918904078199976,312.09344485133784,0.9475,nan,nan,nan,nan,1,full,6,1,4.0,0.0
ppo_continuous_hopfield_node1_final_seed_42,42,1,PPO,113,0.0,-1,1.4783497395044995,1.7013690465569518,4.435049218513499,6.50667401375594,7.930590867996216,3.335474210654262,256.9496273552906,0.7675,nan,nan,nan,nan,1,full,6,1,4.0,0.0
ppo_continuous_hopfield_node1_final_seed_42,42,1,PPO,114,0.0,-1,1.3027199712935726,1.6102833885363796,3.908159913880718,3.043655056644369,3.3184852600097656,3.393400026824409,252.58425133269867,0.65,nan,nan,nan,nan,1,full,6,1,4.0,0.0
ppo_continuous_hopfield_node1_final_seed_42,42,1,PPO,115,0.0,-1,1.5841419246273791,1.810826211177845,4.752425773882138,6.049590039400407,5.516834855079651,3.5746629636298093,278.5884347170016,0.815,nan,nan,nan,nan,1,full,6,1,4.0,0.0
ppo_continuous_hopfield_node1_final_seed_42,42,1,PPO,116,0.0,-1,1.539013478855416,1.7319424178875673,4.617040436566247,6.401931123968995,5.311442852020264,3.5873894052315234,276.9485198105932,0.8275,nan,nan,nan,nan,1,full,6,1,4.0,0.0
ppo_continuous_hopfield_node1_final_seed_42,42,1,PPO,117,0.0,-1,1.4833789442418917,1.8076581184944698,4.450136832725675,2.2567034107115536,3.7023377418518066,3.2611611412647656,239.08052623964483,0.6475,nan,nan,nan,nan,1,full,6,1,4.0,0.0
ppo_continuous_hopfield_node1_final_seed_42,42,1,PPO,118,0.0,-1,0.9743097643379559,1.2695053953738722,2.9229292930138677,3.1063255399557543,1.4989935010671616,2.6243824540565437,172.49288572707576,0.415,nan,nan,nan,nan,1,full,6,1,4.0,0.0
ppo_continuous_hopfield_node1_final_seed_42,42,1,PPO,119,0.0,-1,1.317670485851721,1.5421155751495639,3.953011457555163,5.426852784958887,6.363765239715576,3.4138101526626623,257.90065253021714,0.6925,nan,nan,nan,nan,1,full,6,1,4.0,0.0
ppo_continuous_hopfield_node2_final_seed_42,42,2,PPO,100,0.0,-1,0.04717061474918545,0.16743956956885384,0.14151184424755636,0.04244261483351389,0.018027007579803467,0.134648198024962,6.060362133656874,0.01,nan,nan,nan,nan,2,full,6,1,4.0,0.0
ppo_continuous_hopfield_node2_final_seed_42,42,2,PPO,101,0.0,-1,0.03029949236643777,0.06938099040036966,0.09089847709931331,0.025880837479583276,0.009122590534389019,0.08289870878035885,2.986175819662868,0.0075,nan,nan,nan,nan,2,full,6,1,4.0,0.0
ppo_continuous_hopfield_node2_final_seed_42,42,2,PPO,102,0.0,-1,0.06599092449805546,0.22097662203073787,0.1979727734941664,0.021633110175852056,0.018151402473449707,0.17386497365789222,9.970144520261947,0.0225,nan,nan,nan,nan,2,full,6,1,4.0,0.0
ppo_continuous_hopfield_node2_final_seed_42,42,2,PPO,103,0.0,-1,0.07336955531291255,0.20461824571394985,0.22010866593873765,0.049409042606935086,0.020243793725967407,0.14981210563434033,8.436090446113798,0.025,nan,nan,nan,nan,2,full,6,1,4.0,0.0
ppo_continuous_hopfield_node2_final_seed_42,42,2,PPO,104,0.0,-1,0.15072272825523195,0.4978259010061399,0.45216818476569587,0.051708024811505535,0.018947839736938477,0.2639700009712852,17.656890668061674,0.0475,nan,nan,nan,nan,2,full,6,1,4.0,0.0
ppo_continuous_hopfield_node2_final_seed_42,42,2,PPO,105,0.0,-1,0.03733944758062165,0.09374620527593046,0.11201834274186495,0.062214107545851556,0.01572064869105816,0.17044599565150137,9.714020891296997,0.025,nan,nan,nan,nan,2,full,6,1,4.0,0.0
ppo_continuous_hopfield_node2_final_seed_42,42,2,PPO,106,0.0,-1,0.1308659379644759,0.38044428667251495,0.39259781389342774,0.009630092484359112,0.008314266335219145,0.25146281368045736,14.234144768541032,0.03,nan,nan,nan,nan,2,full,6,1,4.0,0.0
ppo_continuous_hopfield_node2_final_seed_42,42,2,PPO,107,0.0,-1,0.10039843009019941,0.313547176926264,0.3011952902705982,0.022938598752205754,0.010625571012496948,0.16234479664344145,7.772773901663543,0.02,nan,nan,nan,nan,2,full,6,1,4.0,0.0
ppo_continuous_hopfield_node2_final_seed_42,42,2,PPO,108,0.0,-1,0.032810359976098796,0.08791530927845861,0.09843107992829639,0.04864676519193583,0.018297802656888962,0.06541661354260254,4.038144149953683,0.0125,nan,nan,nan,nan,2,full,6,1,4.0,0.0
ppo_continuous_hopfield_node2_final_seed_42,42,2,PPO,109,0.0,-1,0.10116834861496564,0.3284667034245366,0.3035050458448969,0.06680322311427674,0.021200933028012514,0.2090299505266614,11.083734409152395,0.0175,nan,nan,nan,nan,2,full,6,1,4.0,0.0
ppo_continuous_hopfield_node2_final_seed_42,42,2,PPO,110,0.0,-1,0.041934744848777614,0.10866769998848477,0.12580423454633285,0.05557726233921669,0.06898115575313568,0.14029626494408248,5.910361841856789,0.015,nan,nan,nan,nan,2,full,6,1,4.0,0.0
ppo_continuous_hopfield_node2_final_seed_42,42,2,PPO,111,0.0,-1,0.25366469500419947,0.7652718088135303,0.7609940850125984,0.06791801632807394,0.025946934707462788,0.3603654955409263,24.454768961571418,0.0625,nan,nan,nan,nan,2,full,6,1,4.0,0.0
ppo_continuous_hopfield_node2_final_seed_42,42,2,PPO,112,0.0,-1,0.043143419886212286,0.13490433763789061,0.12943025965863686,0.043109399976530745,0.04439985752105713,0.09471886603166338,3.907884071880461,0.01,nan,nan,nan,nan,2,full,6,1,4.0,0.0
ppo_continuous_hopfield_node2_final_seed_42,42,2,PPO,113,0.0,-1,0.21232311575265533,0.6657058858238716,0.6369693472579661,0.03565954972334482,0.041687190532684326,0.23057853899654604,11.964888374131204,0.0275,nan,nan,nan,nan,2,full,6,1,4.0,0.0
ppo_continuous_hopfield_node2_final_seed_42,42,2,PPO,114,0.0,-1,0.036160199642444615,0.08693629098372839,0.10848059892733385,0.046748786244863345,0.02216528356075287,0.1737949962999458,6.535330217672911,0.005,nan,nan,nan,nan,2,full,6,1,4.0,0.0
ppo_continuous_hopfield_node2_final_seed_42,42,2,PPO,115,0.0,-1,0.06344470117010442,0.2014176482558135,0.19033410351031327,0.03344532483498807,0.11785943806171417,0.15658219661238484,5.482332011627992,0.0025,nan,nan,nan,nan,2,full,6,1,4.0,0.0
ppo_continuous_hopfield_node2_final_seed_42,42,2,PPO,116,0.0,-1,0.04453172664783573,0.1586673415290929,0.1335951799435072,0.03211125345141799,0.1079181432723999,0.07889407101154625,3.6907731448337624,0.01,nan,nan,nan,nan,2,full,6,1,4.0,0.0
ppo_continuous_hopfield_node2_final_seed_42,42,2,PPO,117,0.0,-1,0.10038179022678835,0.325093543406083,0.301145370680365,0.049268863836510315,0.03373001143336296,0.2075100912900637,12.598575842542019,0.03,nan,nan,nan,nan,2,full,6,1,4.0,0.0
ppo_continuous_hopfield_node2_final_seed_42,42,2,PPO,118,0.0,-1,0.045048831471420844,0.11882425178639351,0.13514649441426252,0.0643034531838364,0.015347981825470924,0.08893001662971373,3.0480224322190086,0.005,nan,nan,nan,nan,2,full,6,1,4.0,0.0
ppo_continuous_hopfield_node2_final_seed_42,42,2,PPO,119,0.0,-1,0.257759091692821,0.7736753409171521,0.7732772750784631,0.016879405429655756,0.04102489352226257,0.2935125631212891,15.83748664420462,0.035,nan,nan,nan,nan,2,full,6,1,4.0,0.0
ppo_continuous_hopfield_node3_final_seed_42,42,3,PPO,100,0.0,-1,0.021083370022783838,0.11437514979352915,0.06325011006835152,0.005847835194687416,0.01441943645477295,0.08994079871739533,5.346805191828404,0.015,nan,nan,nan,nan,3,full,6,1,4.0,0.0
ppo_continuous_hopfield_node3_final_seed_42,42,3,PPO,101,0.0,-1,0.02078209545546353,0.06274170529764508,0.06234628636639059,0.003746379799221033,0.004103393293917179,0.0536279358768701,2.7221664521977615,0.0075,nan,nan,nan,nan,3,full,6,1,4.0,0.0
ppo_continuous_hopfield_node3_final_seed_42,42,3,PPO,102,0.0,-1,0.017732700248590864,0.06361937821558325,0.05319810074577259,0.0039038880046221346,0.011597037315368652,0.07758678460581939,4.967613973733734,0.015,nan,nan,nan,nan,3,full,6,1,4.0,0.0
ppo_continuous_hopfield_node3_final_seed_42,42,3,PPO,103,0.0,-1,0.06699216375617095,0.20430531821334458,0.20097649126851286,0.005284436851923848,0.0048097968101501465,0.17179688201878135,5.804947040289178,0.0125,nan,nan,nan,nan,3,full,6,1,4.0,0.0
ppo_continuous_hopfield_node3_final_seed_42,42,3,PPO,104,0.0,-1,0.06735986170431728,0.2274190181680514,0.20207958511295182,0.00660532809805447,0.0034250766038894653,0.13518189827440089,9.710792766360676,0.03,nan,nan,nan,nan,3,full,6,1,4.0,0.0
ppo_continuous_hopfield_node3_final_seed_42,42,3,PPO,105,0.0,-1,0.048655775193735054,0.14464776308115326,0.14596732558120515,0.008366564305982104,0.0026901550590991974,0.10820599507884195,4.828038628881881,0.01,nan,nan,nan,nan,3,full,6,1,4.0,0.0
ppo_continuous_hopfield_node3_final_seed_42,42,3,PPO,106,0.0,-1,0.05340554702363936,0.18150988076612087,0.1602166410709181,0.0032301643578749564,0.004015244543552399,0.1748836399462455,8.091444602637672,0.02,nan,nan,nan,nan,3,full,6,1,4.0,0.0
ppo_continuous_hopfield_node3_final_seed_42,42,3,PPO,107,0.0,-1,0.015851133169741034,0.06343145969012828,0.0475533995092231,0.0056750101244284045,0.011562764644622803,0.10359960675536843,6.287221209008456,0.0175,nan,nan,nan,nan,3,full,6,1,4.0,0.0
ppo_continuous_hopfield_node3_final_seed_42,42,3,PPO,108,0.0,-1,0.045676909694020384,0.138447948771959,0.13703072908206115,0.006518587777621032,0.0037277601659297943,0.06398788174414576,2.2432499306608302,0.005,nan,nan,nan,nan,3,full,6,1,4.0,0.0
ppo_continuous_hopfield_node3_final_seed_42,42,3,PPO,109,0.0,-1,0.030044951478866294,0.1046787127330397,0.09013485443659888,0.0107087269252925,0.0040339813567698,0.1366645886639407,7.10578096636059,0.0175,nan,nan,nan,nan,3,full,6,1,4.0,0.0
ppo_continuous_hopfield_node3_final_seed_42,42,3,PPO,110,0.0,-1,0.039798115289143766,0.11420921340663376,0.11939434586743129,0.016509754054340315,0.003997191786766052,0.10454414570309277,3.702795918791086,0.01,nan,nan,nan,nan,3,full,6,1,4.0,0.0
ppo_continuous_hopfield_node3_final_seed_42,42,3,PPO,111,0.0,-1,0.07716393679668214,0.22860734274488517,0.2314918103900464,0.006305679900249765,0.004727250896394253,0.1689464643857723,10.24669309395162,0.03,nan,nan,nan,nan,3,full,6,1,4.0,0.0
ppo_continuous_hopfield_node3_final_seed_42,42,3,PPO,112,0.0,-1,0.05802520682124834,0.18897536045541294,0.17407562046374503,0.0054606396222004186,0.009765565395355225,0.1719299843650952,5.228829092340512,0.005,nan,nan,nan,nan,3,full,6,1,4.0,0.0
ppo_continuous_hopfield_node3_final_seed_42,42,3,PPO,113,0.0,-1,0.051216557056039995,0.19175737756408873,0.15364967116811998,0.009846867746271101,0.018486738204956055,0.1969173263730551,11.395480313813959,0.03,nan,nan,nan,nan,3,full,6,1,4.0,0.0
ppo_continuous_hopfield_node3_final_seed_42,42,3,PPO,114,0.0,-1,0.032830231483264714,0.10642187749531745,0.09849069444979414,0.004445820920353318,0.005173414945602417,0.09889991644611977,3.5001438101406266,0.005,nan,nan,nan,nan,3,full,6,1,4.0,0.0
ppo_continuous_hopfield_node3_final_seed_42,42,3,PPO,115,0.0,-1,0.04329457526762543,0.14178193828551755,0.1298837258028763,0.015111936641466102,0.014723360538482666,0.15332909390107355,6.529852359503484,0.015,nan,nan,nan,nan,3,full,6,1,4.0,0.0
ppo_continuous_hopfield_node3_final_seed_42,42,3,PPO,116,0.0,-1,0.021722656941577073,0.11624901049004269,0.06516797082473122,0.015464382775035906,0.013320788741111755,0.09690198560531002,5.714514752926075,0.015,nan,nan,nan,nan,3,full,6,1,4.0,0.0
ppo_continuous_hopfield_node3_final_seed_42,42,3,PPO,117,0.0,-1,0.017789400614455886,0.06686552142500297,0.053368201843367664,0.00391112875342829,0.002855706959962845,0.08118231139352494,5.2600277714530135,0.015,nan,nan,nan,nan,3,full,6,1,4.0,0.0
ppo_continuous_hopfield_node3_final_seed_42,42,3,PPO,118,0.0,-1,0.05936876517033061,0.17365227273169243,0.1781062955109918,0.008325337156377456,0.0026110373437404633,0.07667312040887866,2.1709488740665517,0.0025,nan,nan,nan,nan,3,full,6,1,4.0,0.0
ppo_continuous_hopfield_node3_final_seed_42,42,3,PPO,119,0.0,-1,0.04532150904406466,0.18672314646716717,0.13596452713219398,0.011927977830953436,0.01714712381362915,0.1934504099747635,12.301137541356862,0.035,nan,nan,nan,nan,3,full,6,1,4.0,0.0
ppo_continuous_hopfield_nodes1-2_final_seed_42,42,-1,PPO,100,0.0,-1,0.04689168601032851,0.13212393674447048,0.14067505803098554,0.11198235250273604,0.047207653522491455,0.28440892559585357,8.619192840686535,0.01,nan,nan,nan,nan,1-2,full,6,2,4.0,0.0
ppo_continuous_hopfield_nodes1-2_final_seed_42,42,-1,PPO,101,0.0,-1,0.022999933804288594,0.04931478307741328,0.06899980141286578,0.05667963058308319,0.056782305240631104,0.16057625721136753,4.604958935035473,0.00625,nan,nan,nan,nan,1-2,full,6,2,4.0,0.0
ppo_continuous_hopfield_nodes1-2_final_seed_42,42,-1,PPO,102,0.0,-1,0.06801749565750856,0.19493147949560657,0.20405248697252568,0.06707585340848675,0.053172528743743896,0.42222048802082973,15.773309308188104,0.01,nan,nan,nan,nan,1-2,full,6,2,4.0,0.0
ppo_continuous_hopfield_nodes1-2_final_seed_42,42,-1,PPO,103,0.0,-1,0.07829981983824326,0.17569432339025162,0.23489945951472976,0.1271640823947059,0.049469590187072754,0.4231348683328328,13.890372203114694,0.015,nan,nan,nan,nan,1-2,full,6,2,4.0,0.0
ppo_continuous_hopfield_nodes1-2_final_seed_42,42,-1,PPO,104,0.0,-1,0.22354802945303612,0.6477556505853115,0.6706440883591084,0.0960824489880951,0.02152017503976822,0.8157782067040775,49.79291897425289,0.0625,nan,nan,nan,nan,1-2,full,6,2,4.0,0.0
ppo_continuous_hopfield_nodes1-2_final_seed_42,42,-1,PPO,105,0.0,-1,0.040352748401140975,0.0910769021463437,0.12105824520342294,0.11973116746931164,0.043839387595653534,0.2697234786744984,8.545359778662338,0.01,nan,nan,nan,nan,1-2,full,6,2,4.0,0.0
ppo_continuous_hopfield_nodes1-2_final_seed_42,42,-1,PPO,106,0.0,-1,0.12625385979956893,0.3252281994196617,0.3787615793987068,0.05829810418970423,0.061403609812259674,0.6528935633283898,28.42243328567977,0.02,nan,nan,nan,nan,1-2,full,6,2,4.0,0.0
ppo_continuous_hopfield_nodes1-2_final_seed_42,42,-1,PPO,107,0.0,-1,0.10619840942437785,0.3034702529962389,0.3185952282731335,0.04124401973123536,0.022809326648712158,0.5073782897477696,21.49971881364201,0.01125,nan,nan,nan,nan,1-2,full,6,2,4.0,0.0
ppo_continuous_hopfield_nodes1-2_final_seed_42,42,-1,PPO,108,0.0,-1,0.02855904442773,0.06008429727745459,0.08567713328319,0.09232878995438416,0.023291971534490585,0.2122011113229052,6.85171898887013,0.01,nan,nan,nan,nan,1-2,full,6,2,4.0,0.0
ppo_continuous_hopfield_nodes1-2_final_seed_42,42,-1,PPO,109,0.0,-1,0.08927026973512404,0.29785323812332387,0.26781080920537215,0.030303110127095825,0.033567626029253006,0.45932556503682287,22.115607402115387,0.0225,nan,nan,nan,nan,1-2,full,6,2,4.0,0.0
ppo_continuous_hopfield_nodes1-2_final_seed_42,42,-1,PPO,110,0.0,-1,0.0396825235541399,0.08759884482100082,0.1190475706624197,0.025247192240239663,0.04103732109069824,0.23620041163215538,7.417586891913527,0.01,nan,nan,nan,nan,1-2,full,6,2,4.0,0.0
ppo_continuous_hopfield_nodes1-2_final_seed_42,42,-1,PPO,111,0.0,-1,0.7428744696006171,1.4999946705162153,2.2286234088018513,0.0469236985699814,0.11209742445498705,1.556708318497196,106.00616532039584,0.1525,nan,nan,nan,nan,1-2,full,6,2,4.0,0.0
ppo_continuous_hopfield_nodes1-2_final_seed_42,42,-1,PPO,112,0.0,-1,0.05714882851879446,0.12582527862561763,0.1714464855563834,0.11910075947274397,0.04119908809661865,0.34258230549847696,6.379632080551122,0.00375,nan,nan,nan,nan,1-2,full,6,2,4.0,0.0
ppo_continuous_hopfield_nodes1-2_final_seed_42,42,-1,PPO,113,0.0,-1,0.20310703792445925,0.5990465749387858,0.6093211137733777,0.08175517931396578,0.07534003257751465,0.7253022260866372,40.92132531272249,0.05625,nan,nan,nan,nan,1-2,full,6,2,4.0,0.0
ppo_continuous_hopfield_nodes1-2_final_seed_42,42,-1,PPO,114,0.0,-1,0.02729215729843859,0.07532823760350434,0.08187647189531577,0.05098447301367551,0.08039770275354385,0.15737204736753593,2.069535210141403,0.0,nan,nan,nan,nan,1-2,full,6,2,4.0,0.0
ppo_continuous_hopfield_nodes1-2_final_seed_42,42,-1,PPO,115,0.0,-1,0.054996813053276056,0.18046231822097106,0.16499043915982817,0.02533634664076898,0.02091926336288452,0.2820948404480617,7.81934678177663,0.0025,nan,nan,nan,nan,1-2,full,6,2,4.0,0.0
ppo_continuous_hopfield_nodes1-2_final_seed_42,42,-1,PPO,116,0.0,-1,0.052203567761305414,0.13348942850411388,0.15661070328391624,0.023646640924759852,0.023762255907058716,0.29977829862348826,8.590434543217894,0.01,nan,nan,nan,nan,1-2,full,6,2,4.0,0.0
ppo_continuous_hopfield_nodes1-2_final_seed_42,42,-1,PPO,117,0.0,-1,0.07860838433500017,0.27094105354462134,0.2358251530050005,0.05950074392244404,0.10561583563685417,0.457084490471703,24.641765497331743,0.02375,nan,nan,nan,nan,1-2,full,6,2,4.0,0.0
ppo_continuous_hopfield_nodes1-2_final_seed_42,42,-1,PPO,118,0.0,-1,0.03794420841099665,0.09544916905696778,0.11383262523298995,0.11579200085022567,0.033179521560668945,0.22572859171127663,5.356535430314188,0.00625,nan,nan,nan,nan,1-2,full,6,2,4.0,0.0
ppo_continuous_hopfield_nodes1-2_final_seed_42,42,-1,PPO,119,0.0,-1,0.2420674643257876,0.6860113830659185,0.7262023929773628,0.0283694014551095,0.013293921947479248,0.7890545909648339,47.873428737517905,0.0675,nan,nan,nan,nan,1-2,full,6,2,4.0,0.0
ppo_continuous_hopfield_nodes1-3_final_seed_42,42,-1,PPO,100,0.0,-1,0.01972103508534599,0.09510717443176339,0.05916310525603797,0.00964537195654379,0.003147125244140625,0.17006060301077708,8.015029605962248,0.00875,nan,nan,nan,nan,1-3,full,6,2,4.0,0.0
ppo_continuous_hopfield_nodes1-3_final_seed_42,42,-1,PPO,101,0.0,-1,0.008525167420537057,0.031657270850412415,0.02557550226161117,0.008058636535510973,0.009721695445477962,0.07057882153064458,3.098118894567171,0.00375,nan,nan,nan,nan,1-3,full,6,2,4.0,0.0
ppo_continuous_hopfield_nodes1-3_final_seed_42,42,-1,PPO,102,0.0,-1,0.006312425979815659,0.035420546515066764,0.018937277939446977,0.0094231576529435,0.0046759843826293945,0.09248404556820332,6.341248291355239,0.00875,nan,nan,nan,nan,1-3,full,6,2,4.0,0.0
ppo_continuous_hopfield_nodes1-3_final_seed_42,42,-1,PPO,103,0.0,-1,0.02974740897691619,0.12843242843131175,0.08924222693074857,0.008940962568661313,0.009301692247390747,0.2659554120520144,11.843858298477796,0.01,nan,nan,nan,nan,1-3,full,6,2,4.0,0.0
ppo_continuous_hopfield_nodes1-3_final_seed_42,42,-1,PPO,104,0.0,-1,0.02449093849153559,0.1290355688384036,0.07347281547460677,0.010015467446251416,0.009726867079734802,0.2209387057765092,14.891823306414365,0.0225,nan,nan,nan,nan,1-3,full,6,2,4.0,0.0
ppo_continuous_hopfield_nodes1-3_final_seed_42,42,-1,PPO,105,0.0,-1,0.027437684714565005,0.10725447516273774,0.08231305414369501,0.008926187791390183,0.00935243908315897,0.17473404044215743,6.317896743513207,0.00125,nan,nan,nan,nan,1-3,full,6,2,4.0,0.0
ppo_continuous_hopfield_nodes1-3_final_seed_42,42,-1,PPO,106,0.0,-1,0.032837622356349454,0.1528147427818632,0.09851286706904837,0.008867843668723915,0.009397338144481182,0.3098756477255328,14.283142906150443,0.005,nan,nan,nan,nan,1-3,full,6,2,4.0,0.0
ppo_continuous_hopfield_nodes1-3_final_seed_42,42,-1,PPO,107,0.0,-1,0.01040645670288971,0.046103247977122556,0.031219370108669126,0.009183431791578546,0.01084563136100769,0.15465602650193316,8.208166242591739,0.01,nan,nan,nan,nan,1-3,full,6,2,4.0,0.0
ppo_continuous_hopfield_nodes1-3_final_seed_42,42,-1,PPO,108,0.0,-1,0.021712013066445143,0.08634383803511524,0.06513603919933543,0.010118452354943679,0.0098094642162323,0.1720207704375138,7.947839484982072,0.00875,nan,nan,nan,nan,1-3,full,6,2,4.0,0.0
ppo_continuous_hopfield_nodes1-3_final_seed_42,42,-1,PPO,109,0.0,-1,0.022832998748116215,0.09787760203811562,0.06849899624434864,0.0149726628118919,0.0076501439325511456,0.2596742684774082,12.805577095223777,0.01375,nan,nan,nan,nan,1-3,full,6,2,4.0,0.0
ppo_continuous_hopfield_nodes1-3_final_seed_42,42,-1,PPO,110,0.0,-1,0.015742279024034467,0.06325276442047216,0.0472268370721034,0.01711503486436458,0.012003809213638306,0.1414767593073373,5.371281336132368,0.00625,nan,nan,nan,nan,1-3,full,6,2,4.0,0.0
ppo_continuous_hopfield_nodes1-3_final_seed_42,42,-1,PPO,111,0.0,-1,0.03146270191818917,0.12669956814062247,0.0943881057545675,0.010986695727218448,0.010408333037048578,0.27638792007710977,16.55567381768853,0.02,nan,nan,nan,nan,1-3,full,6,2,4.0,0.0
ppo_continuous_hopfield_nodes1-3_final_seed_42,42,-1,PPO,112,0.0,-1,0.02730532215055812,0.13406151084702017,0.08191596645167437,0.008638507413482408,0.01113283634185791,0.3005722802610803,14.130198668090356,0.005,nan,nan,nan,nan,1-3,full,6,2,4.0,0.0
ppo_continuous_hopfield_nodes1-3_final_seed_42,42,-1,PPO,113,0.0,-1,0.04356096651953206,0.1839710831128979,0.1306828995585962,0.010052255831980779,0.00842374563217163,0.3781118678693146,20.502288068166308,0.02375,nan,nan,nan,nan,1-3,full,6,2,4.0,0.0
ppo_continuous_hopfield_nodes1-3_final_seed_42,42,-1,PPO,114,0.0,-1,0.020133338263993796,0.07943909989909191,0.06040001479198139,0.009469203225532432,0.009406037628650665,0.19367467656155626,8.020646449954844,0.00375,nan,nan,nan,nan,1-3,full,6,2,4.0,0.0
ppo_continuous_hopfield_nodes1-3_final_seed_42,42,-1,PPO,115,0.0,-1,0.02596884177369085,0.1168883964370054,0.07790652532107255,0.014779221818402962,0.019953161478042603,0.29613578881130104,15.260439930017682,0.00875,nan,nan,nan,nan,1-3,full,6,2,4.0,0.0
ppo_continuous_hopfield_nodes1-3_final_seed_42,42,-1,PPO,116,0.0,-1,0.01866793668022223,0.09390423148893065,0.056003810040666686,0.014912328786320157,0.01817956566810608,0.1634501695872152,7.846481212812143,0.01,nan,nan,nan,nan,1-3,full,6,2,4.0,0.0
ppo_continuous_hopfield_nodes1-3_final_seed_42,42,-1,PPO,117,0.0,-1,0.015340033497472455,0.06219341485991504,0.046020100492417365,0.008932565108953435,0.011911299079656601,0.13452926265108317,6.875049689717712,0.0075,nan,nan,nan,nan,1-3,full,6,2,4.0,0.0
ppo_continuous_hopfield_nodes1-3_final_seed_42,42,-1,PPO,118,0.0,-1,0.026239837391119285,0.1061300046003956,0.07871951217335786,0.009379784496110162,0.009481936693191528,0.20948694474028975,10.555525401505877,0.0125,nan,nan,nan,nan,1-3,full,6,2,4.0,0.0
ppo_continuous_hopfield_nodes1-3_final_seed_42,42,-1,PPO,119,0.0,-1,0.03974349336510529,0.17169760118553956,0.11923048009531587,0.011438682376418584,0.015523791313171387,0.3719762267621508,21.358352528586774,0.0275,nan,nan,nan,nan,1-3,full,6,2,4.0,0.0
ppo_continuous_hopfield_nodes2-3_final_seed_42,42,-1,PPO,100,0.0,-1,0.02091342939163774,0.11288980197728743,0.06274028817491323,0.009161300071871575,0.005900859832763672,0.12371716705125355,5.9748205519979525,0.00625,nan,nan,nan,nan,2-3,full,6,2,4.0,0.0
ppo_continuous_hopfield_nodes2-3_final_seed_42,42,-1,PPO,101,0.0,-1,0.010538774227763349,0.04498050671789742,0.031616322683290045,0.009487597409773755,0.011560272891074419,0.07708793954152679,3.315585629198786,0.00375,nan,nan,nan,nan,2-3,full,6,2,4.0,0.0
ppo_continuous_hopfield_nodes2-3_final_seed_42,42,-1,PPO,102,0.0,-1,0.011225813315844152,0.05327612341298268,0.03367743994753246,0.006765464781409843,0.006927549839019775,0.09466162165673334,5.101194956691902,0.0075,nan,nan,nan,nan,2-3,full,6,2,4.0,0.0
ppo_continuous_hopfield_nodes2-3_final_seed_42,42,-1,PPO,103,0.0,-1,0.01615448640680741,0.09422119954891957,0.04846345922042223,0.007930959166705977,0.005539208650588989,0.15503551543079447,9.084099769690493,0.0125,nan,nan,nan,nan,2-3,full,6,2,4.0,0.0
ppo_continuous_hopfield_nodes2-3_final_seed_42,42,-1,PPO,104,0.0,-1,0.03879340574108931,0.1737354438076941,0.11638021722326794,0.012618453799528473,0.014307238161563873,0.18531783444672228,10.62015062962489,0.015,nan,nan,nan,nan,2-3,full,6,2,4.0,0.0
ppo_continuous_hopfield_nodes2-3_final_seed_42,42,-1,PPO,105,0.0,-1,0.013281102662291362,0.0605202006277314,0.039843307986874084,0.011416721128985102,0.008030744269490242,0.11335658658286579,6.580649143969662,0.00875,nan,nan,nan,nan,2-3,full,6,2,4.0,0.0
ppo_continuous_hopfield_nodes2-3_final_seed_42,42,-1,PPO,106,0.0,-1,0.014355508764858914,0.09946168807785076,0.043066526294576746,0.009016794026081945,0.010193119291216135,0.13388028439538474,8.613346145502312,0.0125,nan,nan,nan,nan,2-3,full,6,2,4.0,0.0
ppo_continuous_hopfield_nodes2-3_final_seed_42,42,-1,PPO,107,0.0,-1,0.012627797878671713,0.060419879300360975,0.03788339363601514,0.013352887837193262,0.019573092460632324,0.11459864172596772,5.788800236498418,0.0075,nan,nan,nan,nan,2-3,full,6,2,4.0,0.0
ppo_continuous_hopfield_nodes2-3_final_seed_42,42,-1,PPO,108,0.0,-1,0.01806452803461598,0.07799707313656822,0.05419358410384794,0.012636019250401009,0.015101693570613861,0.11151725290159688,5.687302832624062,0.0075,nan,nan,nan,nan,2-3,full,6,2,4.0,0.0
ppo_continuous_hopfield_nodes2-3_final_seed_42,42,-1,PPO,109,0.0,-1,0.017861873263699108,0.08879389181103826,0.05358561979109733,0.009603616425100669,0.013587839901447296,0.17765389005432922,10.60005033604628,0.01375,nan,nan,nan,nan,2-3,full,6,2,4.0,0.0
ppo_continuous_hopfield_nodes2-3_final_seed_42,42,-1,PPO,110,0.0,-1,0.01128522771006529,0.05868473770776882,0.03385568313019587,0.01613240908647393,0.004050686955451965,0.11299541695775032,6.048082026728875,0.0075,nan,nan,nan,nan,2-3,full,6,2,4.0,0.0
ppo_continuous_hopfield_nodes2-3_final_seed_42,42,-1,PPO,111,0.0,-1,0.02609831947854202,0.1299979113705757,0.07829495843562606,0.005411943173564878,0.006822794675827026,0.2154106484404405,13.391973181406854,0.0175,nan,nan,nan,nan,2-3,full,6,2,4.0,0.0
ppo_continuous_hopfield_nodes2-3_final_seed_42,42,-1,PPO,112,0.0,-1,0.010060082290380426,0.07812077875427886,0.030180246871141275,0.008844030158663238,0.015576213598251343,0.12322371872316144,7.692820108149199,0.01,nan,nan,nan,nan,2-3,full,6,2,4.0,0.0
ppo_continuous_hopfield_nodes2-3_final_seed_42,42,-1,PPO,113,0.0,-1,0.045021870434795164,0.2124816641767072,0.1350656113043855,0.010293210086263256,0.00793391466140747,0.2757406144517885,17.247885257779092,0.02375,nan,nan,nan,nan,2-3,full,6,2,4.0,0.0
ppo_continuous_hopfield_nodes2-3_final_seed_42,42,-1,PPO,114,0.0,-1,0.007764736644438671,0.04119604867787693,0.023294209933316014,0.00801630525700288,0.010139860212802887,0.08799231953296503,5.055517178439572,0.0075,nan,nan,nan,nan,2-3,full,6,2,4.0,0.0
ppo_continuous_hopfield_nodes2-3_final_seed_42,42,-1,PPO,115,0.0,-1,0.013057597566021302,0.07236078049253504,0.0391727926980639,0.01828665849695235,0.008810639381408691,0.14111050829625785,8.525329789155201,0.01125,nan,nan,nan,nan,2-3,full,6,2,4.0,0.0
ppo_continuous_hopfield_nodes2-3_final_seed_42,42,-1,PPO,116,0.0,-1,0.021519158054677367,0.11506018608752372,0.0645574741640321,0.018159447996704665,0.009601980447769165,0.12963456639142107,6.08311158831285,0.0075,nan,nan,nan,nan,2-3,full,6,2,4.0,0.0
ppo_continuous_hopfield_nodes2-3_final_seed_42,42,-1,PPO,117,0.0,-1,0.010403169257487369,0.055999756795324304,0.031209507772462102,0.005510855149937633,0.0050758905708789825,0.08895237598582136,5.37978457923382,0.0075,nan,nan,nan,nan,2-3,full,6,2,4.0,0.0
ppo_continuous_hopfield_nodes2-3_final_seed_42,42,-1,PPO,118,0.0,-1,0.022607315143962033,0.0996722912328522,0.06782194543188609,0.012108211144000108,0.009183015674352646,0.1247846364424543,6.152163598624927,0.00625,nan,nan,nan,nan,2-3,full,6,2,4.0,0.0
ppo_continuous_hopfield_nodes2-3_final_seed_42,42,-1,PPO,119,0.0,-1,0.04798492275899182,0.22051372629440288,0.14395476827697545,0.018540330898062684,0.01705944538116455,0.27199717869917095,15.92980168534366,0.02125,nan,nan,nan,nan,2-3,full,6,2,4.0,0.0
ppo_continuous_hopfield_nodes1-2-3_final_seed_42,42,-1,PPO,100,0.0,-1,0.01139144447255889,0.08172709457942456,0.034174333417676665,0.012085191681291218,0.017193615436553955,0.13588215965322425,9.077039364159964,0.009166666666666667,nan,nan,nan,nan,1-2-3,full,6,3,4.0,0.0
ppo_continuous_hopfield_nodes1-2-3_final_seed_42,42,-1,PPO,101,0.0,-1,0.005587111650780308,0.027719487703190306,0.016761334952340924,0.008798998038939855,0.007181431166827679,0.06633404084943477,3.5389877074544076,0.0025,nan,nan,nan,nan,1-2-3,full,6,3,4.0,0.0
ppo_continuous_hopfield_nodes1-2-3_final_seed_42,42,-1,PPO,102,0.0,-1,0.006681910632967837,0.03466604915104149,0.02004573189890351,0.011785359728368527,0.015467464923858643,0.10854799911714254,6.415908780338585,0.005833333333333334,nan,nan,nan,nan,1-2-3,full,6,3,4.0,0.0
ppo_continuous_hopfield_nodes1-2-3_final_seed_42,42,-1,PPO,103,0.0,-1,0.010754951160824575,0.0749336587440859,0.032264853482473724,0.010452874550986806,0.013314008712768555,0.14680573424124657,9.424480235031757,0.008333333333333333,nan,nan,nan,nan,1-2-3,full,6,3,4.0,0.0
ppo_continuous_hopfield_nodes1-2-3_final_seed_42,42,-1,PPO,104,0.0,-1,0.01741952205365965,0.11418497250901843,0.05225856616097895,0.009073133867831878,0.007286526262760162,0.20585572398139948,14.303176858590016,0.014166666666666666,nan,nan,nan,nan,1-2-3,full,6,3,4.0,0.0
ppo_continuous_hopfield_nodes1-2-3_final_seed_42,42,-1,PPO,105,0.0,-1,0.008969798866436443,0.05222056728297918,0.02690939659930933,0.010281879932010247,0.008484167978167534,0.11300028633892982,5.942845801772642,0.004166666666666667,nan,nan,nan,nan,1-2-3,full,6,3,4.0,0.0
ppo_continuous_hopfield_nodes1-2-3_final_seed_42,42,-1,PPO,106,0.0,-1,0.012065432745021174,0.09425176298849837,0.03619629823506352,0.008259550143711637,0.007707512937486172,0.15511817909647105,9.45032936849775,0.008333333333333333,nan,nan,nan,nan,1-2-3,full,6,3,4.0,0.0
ppo_continuous_hopfield_nodes1-2-3_final_seed_42,42,-1,PPO,107,0.0,-1,0.0065786156865593175,0.04276991746189487,0.01973584705967795,0.009016186223123912,0.008945763111114502,0.13454074923534345,8.093819439320384,0.005833333333333334,nan,nan,nan,nan,1-2-3,full,6,3,4.0,0.0
ppo_continuous_hopfield_nodes1-2-3_final_seed_42,42,-1,PPO,108,0.0,-1,0.008582115471877889,0.05129113817979528,0.025746346415633666,0.008972492761748992,0.006990060210227966,0.1076217008629196,6.613706692030866,0.005833333333333334,nan,nan,nan,nan,1-2-3,full,6,3,4.0,0.0
ppo_continuous_hopfield_nodes1-2-3_final_seed_42,42,-1,PPO,109,0.0,-1,0.011560852791887963,0.07043668134326801,0.03468255837566389,0.010830541336793958,0.007611183449625969,0.22824697209489614,15.825999430716019,0.015,nan,nan,nan,nan,1-2-3,full,6,3,4.0,0.0
ppo_continuous_hopfield_nodes1-2-3_final_seed_42,42,-1,PPO,110,0.0,-1,0.007062999918516524,0.040857749275710946,0.02118899975554957,0.011600772091360003,0.010322079062461853,0.09917787486626918,6.334019978980588,0.005833333333333334,nan,nan,nan,nan,1-2-3,full,6,3,4.0,0.0
ppo_continuous_hopfield_nodes1-2-3_final_seed_42,42,-1,PPO,111,0.0,-1,0.01463655597647011,0.09002967131588795,0.04390966792941033,0.010662807513856225,0.008199861273169518,0.20429840373651048,14.527202929681,0.013333333333333334,nan,nan,nan,nan,1-2-3,full,6,3,4.0,0.0
ppo_continuous_hopfield_nodes1-2-3_final_seed_42,42,-1,PPO,112,0.0,-1,0.010606008491239643,0.0770578598076958,0.03181802547371893,0.012116364117159887,0.0165024995803833,0.13307376074932162,7.536303933583347,0.006666666666666667,nan,nan,nan,nan,1-2-3,full,6,3,4.0,0.0
ppo_continuous_hopfield_nodes1-2-3_final_seed_42,42,-1,PPO,113,0.0,-1,0.03113766876455777,0.16654485359106483,0.09341300629367331,0.015582795996494868,0.01691967248916626,0.42979312988179286,31.594853223261044,0.03,nan,nan,nan,nan,1-2-3,full,6,3,4.0,0.0
ppo_continuous_hopfield_nodes1-2-3_final_seed_42,42,-1,PPO,114,0.0,-1,0.006763163487874405,0.04093108640036107,0.020289490463623217,0.009086648094249361,0.007127143442630768,0.09158294510440042,4.954762623592772,0.004166666666666667,nan,nan,nan,nan,1-2-3,full,6,3,4.0,0.0
ppo_continuous_hopfield_nodes1-2-3_final_seed_42,42,-1,PPO,115,0.0,-1,0.009821317795004482,0.06725442837223068,0.029463953385013446,0.01084256286583381,0.008244514465332031,0.14898899857168482,10.00636983953516,0.009166666666666667,nan,nan,nan,nan,1-2-3,full,6,3,4.0,0.0
ppo_continuous_hopfield_nodes1-2-3_final_seed_42,42,-1,PPO,116,0.0,-1,0.010879559502785937,0.08080989821243438,0.03263867850835781,0.010746896266937256,0.007445856928825378,0.13656420436248815,9.40435165195116,0.009166666666666667,nan,nan,nan,nan,1-2-3,full,6,3,4.0,0.0
ppo_continuous_hopfield_nodes1-2-3_final_seed_42,42,-1,PPO,117,0.0,-1,0.008368355783123713,0.05024558419936078,0.025105067349371134,0.010155642422399035,0.009221494197845459,0.11755869501360931,7.15412976015758,0.006666666666666667,nan,nan,nan,nan,1-2-3,full,6,3,4.0,0.0
ppo_continuous_hopfield_nodes1-2-3_final_seed_42,42,-1,PPO,118,0.0,-1,0.010944085130437044,0.06965402472725768,0.032832255391311134,0.010061311429182504,0.008309450000524521,0.14125983488567154,9.216335635828276,0.009166666666666667,nan,nan,nan,nan,1-2-3,full,6,3,4.0,0.0
ppo_continuous_hopfield_nodes1-2-3_final_seed_42,42,-1,PPO,119,0.0,-1,0.0323170940515586,0.180925489199692,0.0969512821546758,0.009520141724037168,0.01065024733543396,0.43413121837593077,30.951013304121503,0.028333333333333332,nan,nan,nan,nan,1-2-3,full,6,3,4.0,0.0
