model,node,training_seed,evaluation_seed,largest_conditional_exponent,middle_conditional_exponent,smallest_conditional_exponent,largest_exponent_negative,post_burn_error_mean,post_burn_error_p95,post_burn_error_max,post_burn_action_abs_max,post_burn_action_abs_mean
ppo_continuous_hopfield_node2_final_seed_1024.zip,2,1024,1,-1.3080459647573324,-1.308490172046666,-11.782005482082958,True,0.018497263729621315,0.045667647570371624,0.08110576868057251,0.05654224753379822,0.004999472965535365
ppo_continuous_hopfield_node2_final_seed_1024.zip,2,1024,2,-1.302323356498449,-1.3196106984255722,-11.780955679989711,True,0.01739924807744836,0.03984663281589746,0.07467200607061386,0.05117560178041458,0.004583434615480273
ppo_continuous_hopfield_node2_final_seed_1024.zip,2,1024,3,-1.2955676580943916,-1.3403395926201322,-11.778988407151507,True,0.018288081333555868,0.04507158063352107,0.07807403802871704,0.055209726095199585,0.004867380979029756
ppo_continuous_hopfield_node2_final_seed_1024.zip,2,1024,4,-1.2914405987472033,-1.3237171633830658,-11.789022426790044,True,0.018979724096073035,0.046501612290740006,0.08205989748239517,0.06002198904752731,0.005155754544233021
ppo_continuous_hopfield_node2_final_seed_1024.zip,2,1024,5,-1.2972766065387213,-1.3280906713977783,-11.787875101121667,True,0.020212353112139297,0.04753091186285018,0.07377921044826508,0.05296924710273743,0.005384001512276499
ppo_continuous_hopfield_node2_final_seed_1024.zip,2,1024,6,-1.317436023546279,-1.319273282673541,-11.791050928598432,True,0.01872257351415771,0.04621174931526184,0.08527340739965439,0.06364759802818298,0.0050163337627523825
ppo_continuous_hopfield_node2_final_seed_1024.zip,2,1024,7,-1.3024493676535533,-1.315742021249954,-11.77946066196927,True,0.017922104842421648,0.044642818346619595,0.0846778005361557,0.06328859180212021,0.004836543076916745
ppo_continuous_hopfield_node2_final_seed_1024.zip,2,1024,8,-1.3038405773561268,-1.3202143061927942,-11.785751277344717,True,0.019058846701610538,0.04778886120766401,0.08018357306718826,0.09559498727321625,0.005090755004631846
ppo_continuous_hopfield_node2_final_seed_1024.zip,2,1024,9,-1.2947320956078157,-1.3327564296286067,-11.792369467985159,True,0.01799123530894959,0.04363583028316498,0.07227542251348495,0.04835999011993408,0.004543522698314566
ppo_continuous_hopfield_node2_final_seed_1024.zip,2,1024,10,-1.3053268262761506,-1.3424375430102906,-11.776665979492265,True,0.01815347131298806,0.044016661867499335,0.11367648839950562,0.09004758298397064,0.0051361797514714695
ppo_continuous_hopfield_node2_final_seed_123.zip,2,123,1,-1.1125733006508527,-1.2249284962413967,-70.3283063253226,True,0.036268919907559295,0.08338629901409148,0.138168603181839,0.06899623572826385,0.006719070390651101
ppo_continuous_hopfield_node2_final_seed_123.zip,2,123,2,-1.1272983520811575,-1.2147432063306776,-70.41424488982548,True,0.033799910791414346,0.07282599732279776,0.13109919428825378,0.06403897702693939,0.006012184204239594
ppo_continuous_hopfield_node2_final_seed_123.zip,2,123,3,-1.1510339038154427,-1.2048799373441998,-70.46011192689141,True,0.03635051331262251,0.08400541059672832,0.13503514230251312,0.0680808424949646,0.006717593544407895
ppo_continuous_hopfield_node2_final_seed_123.zip,2,123,4,-1.1559118769524588,-1.180583650276497,-70.43011693599307,True,0.037811237375104896,0.08761518560349939,0.1397000551223755,0.07302965223789215,0.007084869240459643
ppo_continuous_hopfield_node2_final_seed_123.zip,2,123,5,-1.144812513387521,-1.2023498473727734,-70.35432012300772,True,0.03957460976463106,0.0905667707324028,0.12946607172489166,0.06272698938846588,0.007330239132830972
ppo_continuous_hopfield_node2_final_seed_123.zip,2,123,6,-1.1545935490868378,-1.202081657857559,-70.64582607845838,True,0.037875427171391876,0.08712861910462377,0.14307188987731934,0.0764913558959961,0.007188078808157068
ppo_continuous_hopfield_node2_final_seed_123.zip,2,123,7,-1.1256959211169024,-1.2120016531078368,-70.28941203829103,True,0.03591125862403332,0.0838410947471857,0.1424618661403656,0.07589177787303925,0.0067873822936886236
ppo_continuous_hopfield_node2_final_seed_123.zip,2,123,8,-1.1148946777125184,-1.2298454127692002,-70.39914242830379,True,0.03742775652655645,0.08831261470913886,0.13811138272285461,0.06824840605258942,0.006759796409230483
ppo_continuous_hopfield_node2_final_seed_123.zip,2,123,9,-1.1375166818880973,-1.2081809669695762,-70.83606466569137,True,0.036689074309052605,0.08275883607566355,0.12752382457256317,0.06100401282310486,0.006560541226675636
ppo_continuous_hopfield_node2_final_seed_123.zip,2,123,10,-1.136417926625297,-1.2315126506203546,-70.47444156215558,True,0.03509616721225412,0.07877520769834516,0.13696643710136414,0.06999644637107849,0.006708421350309723
ppo_continuous_hopfield_node2_final_seed_42.zip,2,42,1,-0.9489016472615905,-1.0243892463932367,-1.140938191888838,True,0.02838240880880652,0.07886067554354666,0.14651301503181458,0.09224093705415726,0.0062304258719086646
ppo_continuous_hopfield_node2_final_seed_42.zip,2,42,2,-0.9176166597517775,-1.0272872697989983,-1.1780986590884797,True,0.02737237977807557,0.07446347288787364,0.1317419707775116,0.05706941336393356,0.0057708902480570895
ppo_continuous_hopfield_node2_final_seed_42.zip,2,42,3,-0.9375935889844423,-1.0214776204004803,-1.1604947576757547,True,0.027136238677133072,0.08064442537724971,0.1373024880886078,0.061507437378168106,0.005785084788344408
ppo_continuous_hopfield_node2_final_seed_42.zip,2,42,4,-0.8892137860538457,-1.0686603313972878,-1.1448349771100517,True,0.027649872029739384,0.08280725851655006,0.14376522600650787,0.06695257872343063,0.006002840319354283
ppo_continuous_hopfield_node2_final_seed_42.zip,2,42,5,-0.9037621807921667,-1.0746738410500485,-1.1347694591013158,True,0.02910854266564313,0.08296932391822338,0.1532043218612671,0.08953658491373062,0.00648031908822687
ppo_continuous_hopfield_node2_final_seed_42.zip,2,42,6,-0.8718776293700033,-1.091566280635683,-1.1586036774544144,True,0.027638248794246464,0.07707424350082873,0.14914026856422424,0.07125788182020187,0.006209149754753238
ppo_continuous_hopfield_node2_final_seed_42.zip,2,42,7,-0.9178644394772739,-1.0653153453419668,-1.1303422197415258,True,0.028310739759196478,0.07625605948269366,0.1479545384645462,0.0701792985200882,0.006009885855019092
ppo_continuous_hopfield_node2_final_seed_42.zip,2,42,8,-0.926899156126297,-1.0310172175640906,-1.1566381758071294,True,0.02789458689929329,0.08428997844457624,0.17540988326072693,0.13208189606666565,0.006274633397789378
ppo_continuous_hopfield_node2_final_seed_42.zip,2,42,9,-0.8846155327763383,-1.0468365155784167,-1.179368487612054,True,0.025610513005338266,0.07396329194307326,0.1285267472267151,0.05437842756509781,0.005368295725631087
ppo_continuous_hopfield_node2_final_seed_42.zip,2,42,10,-0.9178865273679474,-1.0744970807349925,-1.1379592081535508,True,0.025939619251056634,0.07169830724596973,0.13996915519237518,0.0670851394534111,0.005651920924061223
ppo_continuous_hopfield_node3_final_seed_1024.zip,3,1024,1,-0.5739620331311847,-6.931646027805897,-33.27145235212372,True,0.005147182794539013,0.011440211813896893,0.016265150159597397,0.023288875818252563,0.0014035066177970484
ppo_continuous_hopfield_node3_final_seed_1024.zip,3,1024,2,-0.5703864667332296,-6.976233902569995,-33.401807782077654,True,0.005036490213334266,0.01095653283409774,0.013705627992749214,0.011596053838729858,0.0012799661410482306
ppo_continuous_hopfield_node3_final_seed_1024.zip,3,1024,3,-0.5636262395189053,-7.0569400186185245,-33.353437891391415,True,0.004896047409565654,0.010531870648264885,0.014230887405574322,0.010868236422538757,0.0012437853844542253
ppo_continuous_hopfield_node3_final_seed_1024.zip,3,1024,4,-0.5702217708505448,-7.0116343675731985,-33.30885548423368,True,0.005045882271124834,0.010594759602099657,0.014838830567896366,0.0118551105260849,0.001321161310923727
ppo_continuous_hopfield_node3_final_seed_1024.zip,3,1024,5,-0.5737348771337666,-6.92089531060003,-33.11865366821501,True,0.005555148336203083,0.012881062785163521,0.03587718680500984,0.04143477976322174,0.00178085006381336
ppo_continuous_hopfield_node3_final_seed_1024.zip,3,1024,6,-0.5677258138515923,-7.014420297758013,-33.31485039903341,True,0.005961940964426551,0.013953660614788532,0.05375046283006668,0.047680288553237915,0.0025159994552009985
ppo_continuous_hopfield_node3_final_seed_1024.zip,3,1024,7,-0.5692352850734249,-7.028009048112656,-33.42535954007887,True,0.005666582909700657,0.013111683866009112,0.03861755132675171,0.033997923135757446,0.0018396331213022534
ppo_continuous_hopfield_node3_final_seed_1024.zip,3,1024,8,-0.5714681178318551,-6.95776030418482,-33.23632337528198,True,0.004959910867006616,0.010638936702162026,0.014222921803593636,0.011147573590278625,0.0012721733592058484
ppo_continuous_hopfield_node3_final_seed_1024.zip,3,1024,9,-0.5671853763583488,-7.060074906883707,-33.46418703936661,True,0.004771827447019811,0.01164187989197671,0.02070036344230175,0.0215446799993515,0.001310069247295982
ppo_continuous_hopfield_node3_final_seed_1024.zip,3,1024,10,-0.5572645264513046,-7.155188945278433,-33.487315148970254,True,0.004862591195177581,0.010439225612208248,0.014468122273683548,0.006950408220291138,0.001205802653965197
ppo_continuous_hopfield_node3_final_seed_123.zip,3,123,1,-0.5901369607101142,-7.16520153951428,-14.341050954805088,True,0.010845981887388534,0.02117239823564887,0.026003578677773476,0.017782095819711685,0.002311568703735247
ppo_continuous_hopfield_node3_final_seed_123.zip,3,123,2,-0.5884327340555956,-7.205549412220184,-14.384162781440518,True,0.010431013122219347,0.021530270669609306,0.024263868108391762,0.010729747824370861,0.002128571690807707
ppo_continuous_hopfield_node3_final_seed_123.zip,3,123,3,-0.5848171968869905,-7.2800960885725985,-14.323895511060243,True,0.0106848291194336,0.022041017841547727,0.024905189871788025,0.00768133532255888,0.001979708733331216
ppo_continuous_hopfield_node3_final_seed_123.zip,3,123,4,-0.5874822300945175,-7.24194544807846,-14.322019440743803,True,0.011405768673376818,0.02182979118078947,0.025697961449623108,0.008529623039066792,0.002239875975003662
ppo_continuous_hopfield_node3_final_seed_123.zip,3,123,5,-0.5899050685480917,-7.15249888576881,-14.27121442156625,True,0.011998547050017423,0.02200692724436521,0.035512518137693405,0.052405986934900284,0.0027473285925378533
ppo_continuous_hopfield_node3_final_seed_123.zip,3,123,6,-0.5857414570868078,-7.240701932561382,-14.316695804982317,True,0.012025635860596882,0.02273825453594327,0.051363229751586914,0.05816490575671196,0.003538470482147348
ppo_continuous_hopfield_node3_final_seed_123.zip,3,123,7,-0.5875730825309929,-7.254518302547886,-14.365677054472053,True,0.011091331349973763,0.021068076603114605,0.039619218558073044,0.04413909837603569,0.00272719903383404
ppo_continuous_hopfield_node3_final_seed_123.zip,3,123,8,-0.5886489480893425,-7.189085805108658,-14.314095466669702,True,0.011099216203407482,0.021771600283682347,0.0265073012560606,0.01653451845049858,0.002229619676087934
ppo_continuous_hopfield_node3_final_seed_123.zip,3,123,9,-0.5837540656055952,-7.290978281743074,-14.360266666821788,True,0.011168646998090767,0.02165544908493757,0.026058901101350784,0.023113727569580078,0.0025618177244905384
ppo_continuous_hopfield_node3_final_seed_123.zip,3,123,10,-0.5819660946377274,-7.365835951744117,-14.343151342616013,True,0.010474387755997381,0.021160466037690638,0.025187408551573753,0.007612760178744793,0.001837640377680624
ppo_continuous_hopfield_node3_final_seed_42.zip,3,42,1,-0.591687121070391,-6.044297343631232,-24.169378303242425,True,0.0061649884184283256,0.013624073890969157,0.0160122811794281,0.029176734387874603,0.0018167839238518162
ppo_continuous_hopfield_node3_final_seed_42.zip,3,42,2,-0.5900704997799874,-6.078962378610423,-24.181845148124403,True,0.005765180602259199,0.013050920609384774,0.015396337024867535,0.013296335935592651,0.001609832428787884
ppo_continuous_hopfield_node3_final_seed_42.zip,3,42,3,-0.5867675867976824,-6.143822973642462,-24.22657535013998,True,0.0060666471621861045,0.013713336223736404,0.015634814277291298,0.007362261414527893,0.0015203329528632916
ppo_continuous_hopfield_node3_final_seed_42.zip,3,42,4,-0.5891312787811104,-6.108554520131395,-24.247643603327734,True,0.006510053622447518,0.01370452083647251,0.016079135239124298,0.010978206992149353,0.0016999567966712148
ppo_continuous_hopfield_node3_final_seed_42.zip,3,42,5,-0.5915035899339962,-6.034836306216342,-24.1735142810353,True,0.006890258282946888,0.014298068918287752,0.03778272122144699,0.060028091073036194,0.0022584355151967
ppo_continuous_hopfield_node3_final_seed_42.zip,3,42,6,-0.5874760589000058,-6.109287602459227,-24.231430280050315,True,0.007030777027064591,0.015026867017149925,0.05090591683983803,0.0564403235912323,0.0029324175574277577
ppo_continuous_hopfield_node3_final_seed_42.zip,3,42,7,-0.5895401257180591,-6.120097529164258,-24.224711159720243,True,0.006382758889981472,0.013408425915986299,0.04378056153655052,0.049522221088409424,0.0022777771243923588
ppo_continuous_hopfield_node3_final_seed_42.zip,3,42,8,-0.5902497486305075,-6.0652276775780685,-24.188795811294124,True,0.006320533788438249,0.013739702710881829,0.01576327718794346,0.007497459650039673,0.0016166238447553234
ppo_continuous_hopfield_node3_final_seed_42.zip,3,42,9,-0.5852876495220665,-6.1486640696877135,-24.27417506797372,True,0.006184813197637835,0.013458156166598201,0.01954842358827591,0.021367758512496948,0.0018295217736771232
ppo_continuous_hopfield_node3_final_seed_42.zip,3,42,10,-0.5842892110625968,-6.219101293040044,-24.268846118601022,True,0.006003643941091324,0.01322687179781496,0.015742512419819832,0.007410809397697449,0.0014824338767089342
