method,controlled_nodes,scenario,mismatch,noise_std,controller_seed,mae,rmse,steady_l1,final_l1,energy_u,saturation_fraction,mean_post_pulse_error
LQR,2,mismatch,0.5,0.0,-1,0.1296921369402223,0.3326418488633246,0.10909251163334202,0.06682240479858588,5.281898055686231,0.009375,
LQR,2,mismatch,1.0,0.0,-1,0.16336520572815394,0.3519050442150151,0.21686601818059165,0.1351935089100152,5.345948737141466,0.009375,
LQR,2,mismatch,1.5,0.0,-1,0.19782267864509998,0.3792861366760706,0.3253007332391945,0.20491506739053872,5.444662008295616,0.009375,
LQR,2,mismatch,2.0,0.0,-1,0.23298215126299976,0.4128265676065572,0.43574011738550056,0.2776608735555782,5.576733804264058,0.009375,
LQR,2,noise,0.0,0.01,-1,0.1438111982174784,0.32210311306552314,0.1708184545179886,0.18460614932700986,4.157952171985142,0.0063750000000000005,
LQR,2,noise,0.0,0.02,-1,0.19932574311604973,0.3645498172833705,0.3438675841750623,0.36776269334368406,5.152617474821677,0.0063750000000000005,
LQR,2,noise,0.0,0.05,-1,0.37422106944735634,0.5488242830311979,0.8978920118684914,0.9615972869098186,11.671006111252641,0.0072499999999999995,
LQR,2,nominal,0.0,0.0,-1,0.09069465470204845,0.30036757203149367,2.023535435674367e-07,5.043111741542816e-08,3.775851110769346,0.006500000000000001,
LQR,2,pulse,0.0,0.0,-1,0.5128087248211269,1.1046032711633855,0.1044551154121434,0.00577290952205654,9.945537334120813,0.01675,2.5263997824837117
LQR,3,mismatch,0.5,0.0,-1,0.057436759929869005,0.14644324663660452,0.04249063862277835,0.04173022640170525,3.38517490983514,0.003125,
LQR,3,mismatch,1.0,0.0,-1,0.07106357158607034,0.15323179906140835,0.0842133656075155,0.08268857195507731,3.416549262681903,0.003125,
LQR,3,mismatch,1.5,0.0,-1,0.08493770055620133,0.1627377457714897,0.12539184722161195,0.12298428136855359,3.474554572712237,0.003125,
LQR,3,mismatch,2.0,0.0,-1,0.09890870556683552,0.17422968367045089,0.16621115719554597,0.16271671976428476,3.559241243307055,0.003125,
LQR,3,noise,0.0,0.01,-1,0.07413873788836559,0.17224297500503338,0.08779670689413091,0.08708188063465054,2.869008505880189,0.002125,
LQR,3,noise,0.0,0.02,-1,0.10018569000844521,0.1865254340828896,0.1756215224498135,0.17394495196640486,3.431438289534617,0.00225,
LQR,3,noise,0.0,0.05,-1,0.18256901846278312,0.25962655567406445,0.4418571018941562,0.4326558425091207,7.110247378230215,0.0021249999999999997,
LQR,3,nominal,0.0,0.0,-1,0.050989270932401534,0.1664648847860936,2.2354033268286112e-05,4.323991015553475e-06,2.6487456588423925,0.002125,
LQR,3,pulse,0.0,0.0,-1,0.333028214025964,0.816850190626673,0.061542204212696225,0.00470975339412684,7.494004499735333,0.012375,1.688340158566638
Linear,2,mismatch,0.5,0.0,-1,2.7557159115575836,3.6886232214504355,7.822019418986676,8.294050545990467,54.90176535531775,0.00475,
Linear,2,mismatch,1.0,0.0,-1,2.753974130962908,3.684964674994268,7.807505658508083,8.277281383424997,54.502790223428676,0.00475,
Linear,2,mismatch,1.5,0.0,-1,2.751335107508028,3.6809240560014764,7.791950493349613,8.259329695254564,54.110445908019855,0.00475,
Linear,2,mismatch,2.0,0.0,-1,2.7480657278666163,3.6766058375110924,7.775266962601907,8.240056247264146,53.72692006871962,0.00475,
Linear,2,noise,0.0,0.01,-1,2.6012050244147433,3.5319514669611882,8.666572720969073,8.855294547230006,51.81828333161049,0.00575,
Linear,2,noise,0.0,0.02,-1,2.587912546171391,3.5096251871135244,8.66644054674486,8.871998233348132,51.97473740879629,0.005625,
Linear,2,noise,0.0,0.05,-1,2.6584431013344387,3.5924521696410414,8.72802599032329,8.894187074154615,56.987502429637665,0.005875,
Linear,2,nominal,0.0,0.0,-1,2.5672575176095456,3.485088235431982,8.721595420237676,8.863783586770296,51.030525979543214,0.00575,
Linear,2,pulse,0.0,0.0,-1,2.563851580637331,3.6441358443825953,5.472976146859152,11.82681605219841,74.0229399351469,0.08399999999999999,8.618820125182896
Linear,3,mismatch,0.5,0.0,-1,0.050015966537975944,0.13873324476193952,0.030948897220487485,0.024687170796096274,3.8739210144945724,0.005625,
Linear,3,mismatch,1.0,0.0,-1,0.05900555840332067,0.1425916240574387,0.061953780764460877,0.04937044070102271,3.8956965109601938,0.005625,
Linear,3,mismatch,1.5,0.0,-1,0.06857886708367954,0.148593892754536,0.09303827305902138,0.07404362487141038,3.9396495694560016,0.005625,
Linear,3,mismatch,2.0,0.0,-1,0.07850941176469053,0.15630179967112715,0.12419755918988493,0.09869757927954192,4.005829229015549,0.005625,
Linear,3,noise,0.0,0.01,-1,0.06598606698260921,0.15890847235123312,0.08110019471467594,0.09697100305929776,3.9363889992860117,0.006,
Linear,3,noise,0.0,0.02,-1,0.08796164994998498,0.1713047509052947,0.16199948968118583,0.19375613220036028,4.871977126250225,0.006125,
Linear,3,noise,0.0,0.05,-1,0.15545781616880985,0.23139828667296986,0.4000248630559876,0.47872660160064695,11.094205510566283,0.0063750000000000005,
Linear,3,nominal,0.0,0.0,-1,0.04570297947639985,0.1535740732120609,5.22765379296913e-05,1.9166246056554847e-05,3.5763967042700884,0.005875,
Linear,3,pulse,0.0,0.0,-1,0.25473989000168384,0.7652044738413416,0.02390161813294258,0.004196730256080574,16.214748824449458,0.043,1.2518264890458455
PPO,1,nominal,0.0,0.0,42,1.3929017077164114,1.639961141949339,4.102825080968992,4.519071959704161,252.65480284944405,0.71,
PPO,1,nominal,0.0,0.0,123,1.3968236894584443,1.6398394778738665,4.350579579365382,4.458513381704688,267.3893648764475,0.7538750000000001,
PPO,1,nominal,0.0,0.0,1024,1.3912716272314165,1.622730239288174,4.393983168725247,4.83807479403913,279.42475704674706,0.8196249999999999,
PPO,1-2,nominal,0.0,0.0,42,0.11831583756670808,0.30158400110768957,0.06887729978763758,0.04799532708711918,21.859567316806505,0.025500000000000002,
PPO,1-2,nominal,0.0,0.0,123,0.12298382235526825,0.3005835541631021,0.08866884822778996,0.10107837244868274,20.671304391198245,0.024625,
PPO,1-2,nominal,0.0,0.0,1024,0.10206263958325905,0.2820803050011246,0.04628406993047341,0.04100302727892991,19.300787431028045,0.021750000000000002,
PPO,1-2-3,nominal,0.0,0.0,42,0.01210642822170707,0.07542559875224457,0.010496607539315816,0.010156227648258161,11.018281827930242,0.01008333333333329,
PPO,1-2-3,nominal,0.0,0.0,123,0.01105439249281303,0.07441109324755586,0.007819166957231106,0.007898105611093286,11.007334197826328,0.009999999999999964,
PPO,1-2-3,nominal,0.0,0.0,1024,0.012363407017890675,0.07428272488755015,0.013058728408240836,0.013611634774133515,10.716308554348682,0.00995833333333329,
PPO,1-3,nominal,0.0,0.0,42,0.02340942510632163,0.10241422850269011,0.01069282271136111,0.01050264486111696,11.011431898595532,0.010875,
PPO,1-3,nominal,0.0,0.0,123,0.023784219974562416,0.10139757539134234,0.014117491255456069,0.01150032696314153,10.983060706623949,0.0115625,
PPO,1-3,nominal,0.0,0.0,1024,0.022389049006947066,0.10197676595431385,0.01103334793986972,0.0115865081781521,10.79625435110839,0.0114375,
PPO,2,mismatch,0.5,0.0,42,0.11278173836279641,0.3144582549628343,0.06702606754857512,0.05259701008908446,11.31373486217505,0.027250000000000003,
PPO,2,mismatch,0.5,0.0,123,0.11439996146956129,0.31413943736829003,0.07520834674360226,0.05833060143049802,9.815054617727908,0.023875,
PPO,2,mismatch,0.5,0.0,1024,0.10746429145350858,0.3162486084682287,0.048262700148323436,0.040325700247194576,12.685740987014652,0.033625,
PPO,2,mismatch,1.0,0.0,42,0.1310065178137556,0.32263181101820076,0.10972029149882997,0.09021882091183211,11.280898387191636,0.026375,
PPO,2,mismatch,1.0,0.0,123,0.13259213382369217,0.3226170212019087,0.11667175586824012,0.0853592267259955,9.92396771633811,0.023875,
PPO,2,mismatch,1.0,0.0,1024,0.12306654389500762,0.3229535251862319,0.08245579422419932,0.06571812445763495,12.872971932815778,0.033875,
PPO,2,mismatch,1.5,0.0,42,0.1516503297800859,0.3347892484796247,0.15866803042993038,0.1300875225802883,11.377359602326141,0.026625,
PPO,2,mismatch,1.5,0.0,123,0.1534729360503509,0.33530037322130285,0.16664083015610587,0.12098641628399487,10.103239502301088,0.023875,
PPO,2,mismatch,1.5,0.0,1024,0.1408250406650394,0.3329629590631892,0.1194564966180212,0.09249713956378396,13.16138566763396,0.034,
PPO,2,mismatch,2.0,0.0,42,0.1740776022074973,0.35120577188229163,0.2109833749857685,0.17056283729616548,11.638227511032765,0.026750000000000003,
PPO,2,mismatch,2.0,0.0,123,0.17617900616231744,0.35236587081011683,0.2205411701478972,0.15940222251228983,10.355532010082353,0.024125,
PPO,2,mismatch,2.0,0.0,1024,0.16052173283512383,0.3467907500834372,0.15828425761823894,0.12008195397211234,13.542943306737651,0.03475,
PPO,2,noise,0.0,0.01,42,0.11944228887706232,0.2962681654708178,0.12348613592071662,0.13396396180614825,75.46811883246104,0.042875,
PPO,2,noise,0.0,0.01,123,0.11730610803695271,0.2944960139420255,0.11867736528748299,0.12353876988636325,10.785806585568809,0.018625,
PPO,2,noise,0.0,0.01,1024,0.11471178896718592,0.2977331149377703,0.09919291726158307,0.10273089921101923,20.977590663665598,0.026625,
PPO,2,noise,0.0,0.02,42,0.15307082104011252,0.31775005511705284,0.2198851864164074,0.22867592144757504,114.41943213657612,0.1255,
PPO,2,noise,0.0,0.02,123,0.15154178875438665,0.3158821024410042,0.21625227042399114,0.2190795116825029,20.48006925565114,0.019375,
PPO,2,noise,0.0,0.02,1024,0.1477078600111214,0.31780019790110836,0.19350016859509508,0.19885700251907107,51.415583009620846,0.033,
PPO,2,noise,0.0,0.05,42,0.2701784064931909,0.4279449581753065,0.5539278771619048,0.5409932720474899,176.73822024824324,0.367,
PPO,2,noise,0.0,0.05,123,0.2691445913400767,0.42614803102258403,0.5520802070001531,0.5294462483376264,81.78983551977913,0.07025,
PPO,2,noise,0.0,0.05,1024,0.2612999742410644,0.42351550040645314,0.5090228076033972,0.4979077475145459,148.17438075982474,0.2555,
PPO,2,nominal,0.0,0.0,42,0.09342640778757216,0.28517625797198976,0.0423163866172228,0.033885637298226315,9.26914526254525,0.020999999999999998,
PPO,2,nominal,0.0,0.0,123,0.09500311713979549,0.2852163745304077,0.055722091960243504,0.04904611250385636,7.474043226954673,0.018125,
PPO,2,nominal,0.0,0.0,1024,0.09056486192673978,0.2885846391185062,0.029611612229613705,0.021148811746388635,10.522880111408595,0.026375,
PPO,2,pulse,0.0,0.0,42,0.45224452449774477,1.0212065948229703,0.12885010540025466,0.03922694623470301,17.006430317083783,0.037,2.1871534698117476
PPO,2,pulse,0.0,0.0,123,0.44351808777486773,1.0189181908578608,0.0808729106140679,0.08657939434051509,16.657857866959247,0.03575,2.1380656857231157
PPO,2,pulse,0.0,0.0,1024,0.4060254551327639,0.9954133200165549,0.06793075627014955,0.060778611898422194,18.879155578531385,0.04425,1.9148790464453882
PPO,2-3,nominal,0.0,0.0,42,0.019480955951331987,0.09751918450040879,0.01116466076723381,0.010248803021386204,8.143623461250941,0.01075,
PPO,2-3,nominal,0.0,0.0,123,0.020355297760038353,0.09800368776354568,0.012434098951483985,0.012752491165883784,7.880887011756061,0.010562499999999999,
PPO,2-3,nominal,0.0,0.0,1024,0.021655989489639503,0.09729435362965,0.018711604080292245,0.017838251846842425,8.427673155397589,0.010875,
PPO,3,mismatch,0.5,0.0,42,0.04239234751615287,0.1251882943829919,0.02486296414159072,0.019236263586208176,5.969812699921098,0.01525,
PPO,3,mismatch,0.5,0.0,123,0.04363676875112427,0.1265338034549331,0.026941108403520403,0.021080227231141124,6.594107361232926,0.01725,
PPO,3,mismatch,0.5,0.0,1024,0.04565908160126057,0.131983772728933,0.026248071374325603,0.022024521115235934,6.270825381182935,0.016,
PPO,3,mismatch,1.0,0.0,42,0.04901871146983655,0.12762353494727338,0.04719442499910741,0.03617885722778733,6.003635398980917,0.01525,
PPO,3,mismatch,1.0,0.0,123,0.05000894937504787,0.12890956952383092,0.048100028385948575,0.037230825400911216,6.615161419279312,0.01725,
PPO,3,mismatch,1.0,0.0,1024,0.052721254513677304,0.1344805291382562,0.050811452559126426,0.04135544431628654,6.299955308324813,0.016,
PPO,3,mismatch,1.5,0.0,42,0.056229873645536985,0.13139515409736627,0.0699355891399821,0.05346925859339531,6.06759901600154,0.0155,
PPO,3,mismatch,1.5,0.0,123,0.057072165792435126,0.13258616419860061,0.07038955437996777,0.05402710703201587,6.666446802668804,0.017249999999999998,
PPO,3,mismatch,1.5,0.0,1024,0.060380809553503036,0.13831850969444798,0.07568973165873527,0.060978861153125716,6.357181653248103,0.016125,
PPO,3,mismatch,2.0,0.0,42,0.06381593394792476,0.1362377473490676,0.09283722014580331,0.07108449931256468,6.14086097153534,0.0155,
PPO,3,mismatch,2.0,0.0,123,0.06453758430110204,0.1373113438540945,0.09286604832633635,0.07151966602541501,6.749602859569509,0.017249999999999998,
PPO,3,mismatch,2.0,0.0,1024,0.06841413834450528,0.14325359620844946,0.10071729396507254,0.08073434678371992,6.431317749916568,0.016125,
PPO,3,noise,0.0,0.01,42,0.055805075488853315,0.14497968392217714,0.0615901752064625,0.07205116627737874,8.570005667981892,0.0155,
PPO,3,noise,0.0,0.01,123,0.0572955332973686,0.14680803455992025,0.06468693828742003,0.07687179064378138,11.06540873300917,0.018,
PPO,3,noise,0.0,0.01,1024,0.06013784631290083,0.15060255446012333,0.07006870065427692,0.07976726451888677,8.871619413678186,0.017,
PPO,3,noise,0.0,0.02,42,0.07287165469657206,0.15402232774975974,0.12181818140498187,0.1423141615465283,15.660194955148778,0.015375,
PPO,3,noise,0.0,0.02,123,0.07462989687809293,0.15589202226539003,0.12600365003619776,0.14902077279984946,23.4307336403062,0.019,
PPO,3,noise,0.0,0.02,1024,0.07929475056782635,0.16037734661858685,0.1393304194875613,0.15958449752070006,15.305826142514462,0.017625000000000002,
PPO,3,noise,0.0,0.05,42,0.12613664087384596,0.19944781898476865,0.3009593035445123,0.350516608171165,61.891758991273775,0.035125,
PPO,3,noise,0.0,0.05,123,0.12874798414296235,0.2013012915146796,0.30873194566789874,0.36138091813772916,90.0960721056597,0.08562499999999999,
PPO,3,noise,0.0,0.05,1024,0.13865536833717115,0.20889292488818972,0.3451248143040747,0.39600911531597377,57.895985890978594,0.033125,
PPO,3,nominal,0.0,0.0,42,0.041705773111588004,0.1410209697898157,0.007859822342019169,0.00785964124370361,6.157924214515149,0.015625,
PPO,3,nominal,0.0,0.0,123,0.043744696836132,0.14281954178542342,0.012854806771487476,0.014102615276351515,6.815360851139649,0.018,
PPO,3,nominal,0.0,0.0,1024,0.04396817426171872,0.14624253212662128,0.006560498140436075,0.0051972046261652746,6.634465985641098,0.016875,
PPO,3,pulse,0.0,0.0,42,0.25781324763653324,0.7674566087506587,0.02664339196649778,0.015685489773750255,15.669151992123526,0.04425,1.3021595601525289
PPO,3,pulse,0.0,0.0,123,0.25831651744919604,0.7673385401390487,0.02540234814765916,0.02077751755714413,16.506052656166762,0.046875,1.2994952974319736
PPO,3,pulse,0.0,0.0,1024,0.2581561212803627,0.7649815408513089,0.025174053861288143,0.010745695233344985,22.104885532034153,0.063875,1.2889818037612206
SAC,2,mismatch,2.0,0.0,42,0.15558812925014825,0.3362443301238709,0.17401821051571903,0.1860099109122529,9.71745849710318,0.001125,
SAC,2,mismatch,2.0,0.0,123,0.14911023204361767,0.33753733628637506,0.16659261458323416,0.15647774601820852,8.855132811551098,0.0,
SAC,2,mismatch,2.0,0.0,1024,0.1493380967118964,0.34344757876705245,0.156576808360204,0.13966483878903085,9.36160046753436,0.0,
SAC,2,noise,0.0,0.05,42,0.2572338484621321,0.41540045443368456,0.5078135383367124,0.49858084321022034,76.03929756849075,0.00025,
SAC,2,noise,0.0,0.05,123,0.26657321245054105,0.4286340504910674,0.4988542079787563,0.5352602644823492,89.73658424057614,0.0,
SAC,2,noise,0.0,0.05,1024,0.2658826325312667,0.42960652758260665,0.5027690584751214,0.5089041750878096,92.6262749212248,0.0,
SAC,2,nominal,0.0,0.0,42,0.12013451819886208,0.2947443355293168,0.12255581671869334,0.11523420754820106,6.618855646236405,0.00025,
SAC,2,nominal,0.0,0.0,123,0.11981096645045505,0.30333933007553154,0.1099437003291246,0.07671942226588722,6.428327449034609,0.0,
SAC,2,nominal,0.0,0.0,1024,0.11205591734896267,0.30145553873954317,0.08415867258265701,0.07716023190878327,5.767839211697885,0.0,
SAC,2,pulse,0.0,0.0,42,0.3581407334618847,1.011754150600502,0.2276093908666092,0.1527456790208816,29.52483426863564,0.018625,1.5507400902678532
SAC,2,pulse,0.0,0.0,123,0.3702244428340334,0.9735643877283111,0.183000190562948,0.16914655268192288,13.98734459217404,0.0,1.6125582814999668
SAC,2,pulse,0.0,0.0,1024,0.5333628412288983,1.1719648788243957,0.2435891910674579,0.10998944342136378,32.0830670123501,0.013625000000000002,2.6044171996016185
SAC,3,mismatch,2.0,0.0,42,0.06543555626193179,0.13800217682320542,0.10153859480626211,0.08249467401765283,4.914511957048464,0.0,
SAC,3,mismatch,2.0,0.0,123,0.06364524042629033,0.13832813079538495,0.09336254199978283,0.07244404219090933,5.063907439175067,0.0,
SAC,3,mismatch,2.0,0.0,1024,0.06415989231620156,0.13904128042177843,0.09336068090511321,0.07470896318554875,5.234199120642271,0.0,
SAC,3,noise,0.0,0.05,42,0.1262408937245792,0.20174118137181263,0.3019340542635167,0.3405236998572945,36.72716904834326,0.000125,
SAC,3,noise,0.0,0.05,123,0.12694775338805486,0.20246169397716235,0.30625748816377446,0.3521725846454501,49.39964303150423,0.0,
SAC,3,noise,0.0,0.05,1024,0.1288457731118968,0.2049935618427062,0.3096662176405022,0.36825632471591235,65.08558809864296,0.0,
SAC,3,nominal,0.0,0.0,42,0.04275397801174582,0.14289187229202932,0.013837121793551805,0.011343274498358315,4.593393366338491,0.000125,
SAC,3,nominal,0.0,0.0,123,0.04081762033719683,0.14275537903468047,0.008326742978605535,0.008484897483140186,4.485521155417762,0.0,
SAC,3,nominal,0.0,0.0,1024,0.041090096063236506,0.14331670089054155,0.007181941231972795,0.008776073693297755,4.706434748536771,0.0,
SAC,3,pulse,0.0,0.0,42,0.26876557982071503,0.7832021778041311,0.023991129685906127,0.005397108197212185,13.16406147955001,0.00925,1.3662596416332995
SAC,3,pulse,0.0,0.0,123,0.2856568874433067,0.9034341163632262,0.020313157693678356,0.005124941468238785,12.107289480116567,0.0,1.4750921931787306
SAC,3,pulse,0.0,0.0,1024,0.26605543649345786,0.7754134012320604,0.03188515232450519,0.010309427976608231,12.574855388587233,0.0,1.3546420615613552
SMC,2,mismatch,0.5,0.0,-1,0.1373542453630307,0.3386246031780087,0.0980619967449456,0.0711643221788108,7.534516506997956,0.019875,
SMC,2,mismatch,1.0,0.0,-1,0.1649211951750365,0.35427981002119113,0.19280523070318184,0.14148538094013924,7.601783975579503,0.01975,
SMC,2,mismatch,1.5,0.0,-1,0.1933074662147855,0.3764632147857058,0.28591466874119903,0.2109146925155073,7.710097633793782,0.01975,
SMC,2,mismatch,2.0,0.0,-1,0.22234904026222263,0.403849208966914,0.3785707473338087,0.2821775074815377,7.8441289332718735,0.019875,
SMC,2,noise,0.0,0.01,-1,0.14227492938861647,0.32336199524525855,0.13989212343801258,0.14195092171430584,16.505805552238137,0.01475,
SMC,2,noise,0.0,0.02,-1,0.1865383573772067,0.35472355011961904,0.2808175278757124,0.2847260074689984,47.90945247582689,0.020999999999999998,
SMC,2,noise,0.0,0.05,-1,0.32947655496584655,0.4988269413490386,0.729784980932837,0.7235986879095435,140.48858004832232,0.22337500000000002,
SMC,2,nominal,0.0,0.0,-1,0.101792086545251,0.3072401403862365,3.631568544710998e-06,5.565118044614791e-07,5.59195469508556,0.01475,
SMC,2,pulse,0.0,0.0,-1,0.5644276468809188,1.154270977640111,0.15376635619531162,0.01163339912891383,14.126610166121063,0.034625,2.76913779618807
SMC,3,mismatch,0.5,0.0,-1,0.07476111763522837,0.16436059389079105,0.06884517609156135,0.06105133756063874,5.630324533595767,0.015,
SMC,3,mismatch,1.0,0.0,-1,0.09116331609140177,0.17423058346522666,0.13613195353903357,0.1211806189268827,5.661833548474082,0.015,
SMC,3,mismatch,1.5,0.0,-1,0.10813615728779913,0.18743528160311165,0.20194742972718224,0.18018956566229458,5.725813711305056,0.014875,
SMC,3,mismatch,2.0,0.0,-1,0.12567127208228906,0.20291515502755542,0.2664663657724259,0.23792777704074974,5.823056853028165,0.014875,
SMC,3,noise,0.0,0.01,-1,0.10220136472124855,0.2004428882117011,0.12263642556959597,0.1373237452935427,9.234489195731822,0.0115,
SMC,3,noise,0.0,0.02,-1,0.135828516875581,0.22327316207949174,0.2456003548522813,0.27426691884174936,23.071887278685157,0.01175,
SMC,3,noise,0.0,0.05,-1,0.23893127839476005,0.32313161494610265,0.6028779040527656,0.6731341524980963,92.50815458720055,0.08687500000000001,
SMC,3,nominal,0.0,0.0,-1,0.0727948495227073,0.18972410096653683,5.025116570097877e-05,6.5211672335863115e-06,4.595304947756912,0.011375,
SMC,3,pulse,0.0,0.0,-1,0.36259931852255367,0.8236559420980614,0.13812100806583955,0.029167261719703613,11.373059758058938,0.029875000000000002,1.7352260709337113
