model_name,train_seed,node,method,test_seed,mismatch,pulse_step,mae,rmse,mean_l1,steady_l1,final_l1,mean_abs_u,energy_u,saturation_fraction,max_post_pulse,mean_post_pulse_error,recovery_steps,recovery_time
linear_gain_8,-1,2,Linear,0,0.0,200,2.3246697748090734,3.1395064909022423,6.97400932442722,5.362016651733422,11.69260385632515,1.4968636530518828,65.1416928013584,0.0575,16.30269980430603,6.236521214682294,-1,nan
lqr_node2_q1_r1,-1,2,LQR,0,0.0,200,0.5431304760195984,1.0974104725582194,1.629391428058795,0.09554566568292586,0.004235327243804932,0.24852820257397898,9.047448132227997,0.015,14.999964714050293,2.2639624115997066,146,7.300000000000001
zero_input,-1,2,Zero Input,0,0.0,200,1.7262996034735407,2.1444822946569913,5.178898810420622,5.684952974319458,3.8770211338996887,0.0,0.0,0.0,13.249173521995544,5.966573052516031,-1,nan
linear_gain_8,-1,2,Linear,1,0.0,200,2.1473109204901175,3.1615970455461686,6.441932761470353,5.23470456695851,11.826213359832764,1.4456122606026562,65.37381624854201,0.0525,18.064556121826172,4.967700015308697,-1,nan
lqr_node2_q1_r1,-1,2,LQR,1,0.0,200,0.4829185168248782,1.0897621091142515,1.4487555504746346,0.10638096427292,0.006181180477142334,0.3061074101196135,14.049185434020092,0.0275,15.00002384185791,2.6086324761200013,150,7.5
zero_input,-1,2,Zero Input,1,0.0,200,1.4963661565438395,2.1251151142955083,4.489098469631519,1.3858593774062615,3.194657623767853,0.0,0.0,0.0,16.0663480758667,4.394175839809636,-1,nan
linear_gain_8,-1,2,Linear,2,0.0,200,2.583666833148571,3.8295012782918256,7.751000499445713,5.5854272294191665,11.820088893175125,1.5236675837019138,75.48276224802572,0.095,17.728532552719116,10.777196904421965,-1,nan
lqr_node2_q1_r1,-1,2,LQR,2,0.0,200,0.4103751665078791,0.9980217399592561,1.2311254995236374,0.10102015531357424,0.005156278610229492,0.20974183816059083,7.654449647479023,0.01,14.999998569488525,2.386846045504755,147,7.3500000000000005
zero_input,-1,2,Zero Input,2,0.0,200,1.339553929376087,1.9020893872397968,4.01866178812826,1.3212968409061432,3.027127742767334,0.0,0.0,0.0,14.991974592208862,4.502172143972335,-1,nan
linear_gain_8,-1,2,Linear,3,0.0,200,3.1403289757675164,4.3235313491127965,9.42098692730255,5.565455088276922,11.79705148935318,1.7658457656453672,88.15609559206585,0.0925,17.87744665145874,10.816243261766077,-1,nan
lqr_node2_q1_r1,-1,2,LQR,3,0.0,200,0.44603724840870523,1.010036590016419,1.3381117452261158,0.10120801167723573,0.005116820335388184,0.2150131637088945,7.2630087262307335,0.01,15.00001573562622,2.379798676763008,147,7.3500000000000005
zero_input,-1,2,Zero Input,3,0.0,200,0.9871608292620477,1.5559880399663286,2.961482487786143,3.3881067162678566,3.393955945968628,0.0,0.0,0.0,14.894829750061035,5.11927798672102,-1,nan
linear_gain_8,-1,2,Linear,4,0.0,200,3.2141288085774837,4.349606641285862,9.642386425732452,5.621397668196831,11.856934994459152,1.814053452594619,91.51583504024082,0.095,17.068357467651367,10.617201704995253,-1,nan
lqr_node2_q1_r1,-1,2,LQR,4,0.0,200,0.523255488267811,1.0724125583666717,1.5697664648034328,0.09945602482759658,0.005097448825836182,0.31183893062088397,13.078780816653603,0.0225,14.999739170074463,2.3747797450004375,147,7.3500000000000005
zero_input,-1,2,Zero Input,4,0.0,200,1.6596076818769883,2.122232167244834,4.978823045630965,3.9104053606221707,6.742515683174133,0.0,0.0,0.0,15.44265365600586,5.3305124435851825,-1,nan
linear_gain_8,-1,2,Linear,5,0.0,200,2.4067729427459854,3.7261980239034576,7.220318828237956,5.616926459250627,11.886463910341263,1.4459794755662765,75.24298583479211,0.1125,16.550283432006836,10.267637576416728,-1,nan
lqr_node2_q1_r1,-1,2,LQR,5,0.0,200,0.45080862773066743,1.0561380342445479,1.3524258831920024,0.10573617099887794,0.006044745445251465,0.25462931532496197,10.525092976672312,0.0125,14.999961376190186,2.5353745200499818,150,7.5
zero_input,-1,2,Zero Input,5,0.0,200,2.1319094686981845,2.70816818045459,6.395728406094554,4.4896549258703065,3.574064254760742,0.0,0.0,0.0,15.635319709777832,5.6862432698705305,-1,nan
linear_gain_8,-1,2,Linear,6,0.0,200,1.9160651101491546,2.669560260287605,5.748195330447464,5.438715724665442,11.748164743185043,1.3507550931779524,55.77351952005794,0.0525,16.000879049301147,6.720760842071688,-1,nan
lqr_node2_q1_r1,-1,2,LQR,6,0.0,200,0.4136040956842545,0.9791255434340304,1.2408122870527636,0.0984764609163926,0.0046575069427490234,0.20193018694173415,6.700614350439925,0.01,14.999999046325684,2.338226827167308,147,7.3500000000000005
zero_input,-1,2,Zero Input,6,0.0,200,1.8215256296810465,2.3400905032822346,5.46457688904314,3.605453429582678,3.8014864921569824,0.0,0.0,0.0,13.676840424537659,5.848267493037442,-1,nan
linear_gain_8,-1,2,Linear,7,0.0,200,2.2522742737422163,3.2799574234048428,6.756822821226649,5.294551142203955,11.821026980876923,1.4871989956817722,67.15477598074413,0.055,17.75605845451355,5.223574246534735,-1,nan
lqr_node2_q1_r1,-1,2,LQR,7,0.0,200,0.5086373889877625,1.0756750888626307,1.5259121669632874,0.10414403338951093,0.005816340446472168,0.2815254455220683,11.431996962175907,0.0175,14.999855518341064,2.492976797207152,149,7.45
zero_input,-1,2,Zero Input,7,0.0,200,1.8271403961992223,2.367359884853313,5.481421188597667,3.087158622013198,3.596156120300293,0.0,0.0,0.0,15.745481491088867,4.918482357219084,-1,nan
linear_gain_8,-1,2,Linear,8,0.0,200,1.3613748446003173,2.203601336799407,4.084124533800952,5.234401588454658,11.81941705942154,1.041711925884286,43.835169351594246,0.045,18.02882432937622,4.991454842968366,-1,nan
lqr_node2_q1_r1,-1,2,LQR,8,0.0,200,0.44728509877542855,1.0664048336230108,1.3418552963262855,0.10625493632238588,0.006146371364593506,0.20394056485548753,7.0029177043574995,0.01,15.000037670135498,2.5797124974133068,150,7.5
zero_input,-1,2,Zero Input,8,0.0,200,0.9556770606271471,1.6337054108572957,2.8670311818814413,3.6453043858946104,3.8560428619384766,0.0,0.0,0.0,14.998604774475098,5.556195429753308,-1,nan
linear_gain_8,-1,2,Linear,9,0.0,200,1.925259022653747,2.859705865966014,5.775777067961241,5.360834941451932,11.818431943655014,1.3228746759623957,56.87473461532255,0.05,17.317038774490356,5.585478949420784,-1,nan
lqr_node2_q1_r1,-1,2,LQR,9,0.0,200,0.4288718026727113,1.0263166122819076,1.2866154080181338,0.10305172852297992,0.005588889122009277,0.1982995510598123,6.635457480417237,0.01,14.999996662139893,2.451320321864416,149,7.45
zero_input,-1,2,Zero Input,9,0.0,200,1.5085162448875624,2.073094340647765,4.525548734662688,4.360497058909616,6.589635610580444,0.0,0.0,0.0,14.54009485244751,6.694654560726674,-1,nan
linear_gain_8,-1,2,Linear,10,0.0,200,3.341905798410791,4.534846836436884,10.025717395232373,5.5840900326952525,11.818084865808487,1.880187053131195,97.46061921476775,0.095,17.828023433685303,10.797236109272905,-1,nan
lqr_node2_q1_r1,-1,2,LQR,10,0.0,200,0.6431244334178116,1.2298033128141719,1.9293733002534346,0.10099474221100042,0.005142390727996826,0.3636380380086753,16.80659249955252,0.0325,15.000178813934326,2.3864939651679045,147,7.3500000000000005
zero_input,-1,2,Zero Input,10,0.0,200,2.074528613472272,2.6022641116441663,6.223585840416817,4.69773358952852,7.5706340074539185,0.0,0.0,0.0,14.224148273468018,6.577186356470063,-1,nan
linear_gain_8,-1,2,Linear,11,0.0,200,1.926765103023174,2.793671392092604,5.780295309069523,5.347140847532837,11.907071352005005,1.3249848198860958,54.101088999280734,0.0475,17.917081356048584,5.2623909019600985,-1,nan
lqr_node2_q1_r1,-1,2,LQR,11,0.0,200,0.5877678103281258,1.2097173664459122,1.7633034309843774,0.11118043757929111,0.006930887699127197,0.2817562127475139,11.571378198255985,0.0225,15.000113010406494,2.9850595185755573,153,7.65
zero_input,-1,2,Zero Input,11,0.0,200,1.304284654046755,1.7702437578349381,3.9128539621402645,4.156717750393314,3.399139106273651,0.0,0.0,0.0,15.858731985092163,5.602669446474284,-1,nan
linear_gain_8,-1,2,Linear,12,0.0,200,1.346669177852218,2.1940570267949346,4.040007533556654,5.224118805225984,11.81409403681755,1.0611157894431802,46.53064987815121,0.0525,18.048031091690063,4.969562877590458,-1,nan
lqr_node2_q1_r1,-1,2,LQR,12,0.0,200,0.4464803504605072,1.0646992518547502,1.3394410513815216,0.1062814573538892,0.006143808364868164,0.2451401338531793,10.525922421909767,0.0175,14.999988079071045,2.5723373626372705,150,7.5
zero_input,-1,2,Zero Input,12,0.0,200,1.6375629691312636,2.123209776860316,4.9126889073937905,2.899581370898235,3.665187656879425,0.0,0.0,0.0,16.612693309783936,5.380874715337706,-1,nan
linear_gain_8,-1,2,Linear,13,0.0,200,2.2499886455427753,3.2500330845396515,6.749965936628326,5.314306132955315,11.814319908618927,1.5029016802658761,67.94800531981498,0.0575,17.61864709854126,5.327942010172786,-1,nan
lqr_node2_q1_r1,-1,2,LQR,13,0.0,200,0.5657960395479663,1.1159165201664527,1.6973881186438988,0.10254526441847836,0.0055779218673706055,0.3214606501381472,13.704413938618302,0.025,14.999732494354248,2.44413311338395,148,7.4
zero_input,-1,2,Zero Input,13,0.0,200,1.9904750311067474,2.502331634106535,5.971425093320242,4.370992112490866,3.3587111830711365,0.0,0.0,0.0,15.461125373840332,5.662408490456752,-1,nan
linear_gain_8,-1,2,Linear,14,0.0,200,2.971570498595697,4.086574712936409,8.914711495787092,5.610051541416733,11.860040336847305,1.6915469833665953,82.28006141961433,0.0975,16.74255347251892,10.503470717572528,-1,nan
lqr_node2_q1_r1,-1,2,LQR,14,0.0,200,0.43670358905779294,1.0216853859814816,1.3101107671733787,0.10265914322003539,0.005528807640075684,0.23004424919178557,8.755192518265144,0.01,14.999953269958496,2.436050679548574,148,7.4
zero_input,-1,2,Zero Input,14,0.0,200,1.5774802270555188,2.115981764585521,4.7324406811665565,2.530841974610532,5.980322003364563,0.0,0.0,0.0,14.623953342437744,4.743065302737465,-1,nan
linear_gain_8,-1,2,Linear,15,0.0,200,2.586267980569641,3.8731364761083245,7.758803941708922,5.5982865003156075,11.868042945861816,1.5255680860872578,77.5966576796446,0.0975,16.552841544151306,10.267461943759846,-1,nan
lqr_node2_q1_r1,-1,2,LQR,15,0.0,200,0.4468735375690118,1.0453796625631815,1.3406206127070355,0.10596391236708488,0.006040811538696289,0.20172369004117224,6.742691907692656,0.01,14.999959945678711,2.5126395609915555,150,7.5
zero_input,-1,2,Zero Input,15,0.0,200,1.4138635290617856,1.9697279049393137,4.241590587185357,4.1667005992781965,3.9242032170295715,0.0,0.0,0.0,15.151231288909912,6.435929780464564,-1,nan
linear_gain_8,-1,2,Linear,16,0.0,200,2.778675317516549,4.020838603331611,8.336025952549647,5.562178625000848,11.808832883834839,1.608248269468769,79.23222435362439,0.095,16.964029788970947,10.596097222348646,-1,nan
lqr_node2_q1_r1,-1,2,LQR,16,0.0,200,0.4212850934850224,1.0073140309725732,1.2638552804550671,0.10373672097921371,0.00552743673324585,0.19454569119292595,6.7486914751638585,0.01,14.999976634979248,2.4186858297209834,148,7.4
zero_input,-1,2,Zero Input,16,0.0,200,1.3290493549285138,1.8877133991102713,3.9871480647855417,4.4109982493574975,3.3318453431129456,0.0,0.0,0.0,14.363157749176025,6.252492085117754,-1,nan
linear_gain_8,-1,2,Linear,17,0.0,200,3.169587517073587,4.344754279509534,9.50876255122076,5.596441087163525,11.83377057313919,1.7874906775437092,88.83948385701217,0.095,17.519338607788086,10.726859438691788,-1,nan
lqr_node2_q1_r1,-1,2,LQR,17,0.0,200,0.43484575351961857,1.010734353774344,1.3045372605588557,0.10110349105786026,0.005213022232055664,0.22380984436424986,7.396160431836036,0.01,15.000001907348633,2.3937265027768504,148,7.4
zero_input,-1,2,Zero Input,17,0.0,200,1.085205169569574,1.5968359240858836,3.255615508708722,3.3714731953762196,2.637280762195587,0.0,0.0,0.0,14.815567016601562,5.123502575046388,-1,nan
linear_gain_8,-1,2,Linear,18,0.0,200,2.0759717834895093,3.0029365193779705,6.227915350468527,5.182037707832125,11.747285306453705,1.3736658820190335,58.8905064792408,0.0475,17.883282899856567,5.04266797710414,-1,nan
lqr_node2_q1_r1,-1,2,LQR,18,0.0,200,0.4421651024682601,1.0253794249698531,1.3264953074047803,0.10633395842196029,0.005964040756225586,0.1926888651436805,6.351379620023558,0.01,15.00000286102295,2.4701136889223436,149,7.45
zero_input,-1,2,Zero Input,18,0.0,200,1.1490011721205335,1.7584845198744001,3.4470035163616006,4.117936212891414,3.7144564390182495,0.0,0.0,0.0,15.044533252716064,5.958118174577233,-1,nan
linear_gain_8,-1,2,Linear,19,0.0,200,2.3669584851885404,3.4759126566136347,7.10087545556562,5.212651463570418,11.808155626058578,1.5122905142066485,70.43815375858108,0.0525,18.073973894119263,4.944109511158582,-1,nan
lqr_node2_q1_r1,-1,2,LQR,19,0.0,200,0.5586862624611268,1.1546461119265257,1.6760587873833808,0.1062045748816964,0.006124317646026611,0.3550404342683494,17.318957523036953,0.035,14.999873161315918,2.558575969736152,150,7.5
zero_input,-1,2,Zero Input,19,0.0,200,1.9983171077192772,2.6072965937357218,5.9949513231578315,2.8825547023687834,3.791606068611145,0.0,0.0,0.0,16.01793336868286,4.714747512740876,-1,nan
linear_gain_8,-1,3,Linear,0,0.0,200,0.26015364353143217,0.7771822566839213,0.7804609305942966,0.022370523796129374,0.003927171230316162,0.3106489687637795,18.503577892273963,0.0525,14.997252941131592,1.264856659121515,113,5.65
lqr_node3_q1_r1,-1,3,LQR,0,0.0,200,0.3437031016492301,0.8233323536665542,1.0311093049476903,0.05567702974112314,0.004180252552032471,0.198755409074146,7.9637405490206135,0.0125,14.998775959014893,1.618567712016552,127,6.3500000000000005
zero_input,-1,3,Zero Input,0,0.0,200,1.7262996034735407,2.1444822946569913,5.178898810420622,5.684952974319458,3.8770211338996887,0.0,0.0,0.0,13.249173521995544,5.966573052516031,-1,nan
linear_gain_8,-1,3,Linear,1,0.0,200,0.24146518466494055,0.7524222138302246,0.7243955539948217,0.024278131164150472,0.0042670369148254395,0.29668715291487013,16.975435178830647,0.0425,15.0008544921875,1.2416882795555082,115,5.75
lqr_node3_q1_r1,-1,3,LQR,1,0.0,200,0.3213074989036246,0.8066593659749659,0.9639224967108737,0.06309474652840032,0.004880130290985107,0.22481253831571854,9.929405859022403,0.015,15.000605583190918,1.7032015072228155,132,6.6000000000000005
zero_input,-1,3,Zero Input,1,0.0,200,1.4963661565438395,2.1251151142955083,4.489098469631519,1.3858593774062615,3.194657623767853,0.0,0.0,0.0,16.0663480758667,4.394175839809636,-1,nan
linear_gain_8,-1,3,Linear,2,0.0,200,0.22887743026535287,0.7539425106621199,0.6866322907960586,0.023244362071524433,0.004086852073669434,0.241934110714759,13.615473418817414,0.0375,14.999412536621094,1.2649202517775902,114,5.7
lqr_node3_q1_r1,-1,3,LQR,2,0.0,200,0.29671914740337846,0.7970721207347938,0.8901574422101353,0.05945908365610205,0.004511833190917969,0.16321984761986216,5.997959862250292,0.01,14.99963092803955,1.6633594536699763,130,6.5
zero_input,-1,3,Zero Input,2,0.0,200,1.339553929376087,1.9020893872397968,4.01866178812826,1.3212968409061432,3.027127742767334,0.0,0.0,0.0,14.991974592208862,4.502172143972335,-1,nan
linear_gain_8,-1,3,Linear,3,0.0,200,0.23209664239048808,0.7575077495145042,0.6962899271714643,0.022968083206150267,0.0040343403816223145,0.23947570482245706,15.089172129866995,0.0425,14.999959468841553,1.2639287899234402,114,5.7
lqr_node3_q1_r1,-1,3,LQR,3,0.0,200,0.30530985272144984,0.8019155463403258,0.9159295581643495,0.058445104915234775,0.004413962364196777,0.14616014623573137,5.911668196770842,0.01,15.000006198883057,1.6520038575063742,129,6.45
zero_input,-1,3,Zero Input,3,0.0,200,0.9871608292620477,1.5559880399663286,2.961482487786143,3.3881067162678566,3.393955945968628,0.0,0.0,0.0,14.894829750061035,5.11927798672102,-1,nan
linear_gain_8,-1,3,Linear,4,0.0,200,0.23787312056630824,0.7618974911652504,0.7136193616989247,0.024121821260102736,0.0042504072189331055,0.2901232409990042,18.24573029298719,0.0525,15.001041412353516,1.2689290585144612,115,5.75
lqr_node3_q1_r1,-1,3,LQR,4,0.0,200,0.3205079068154939,0.811466273079703,0.9615237204464817,0.06213545957925143,0.004782736301422119,0.19221969087291138,8.523891669623755,0.015,15.000615119934082,1.6928049969899268,131,6.550000000000001
zero_input,-1,3,Zero Input,4,0.0,200,1.6596076818769883,2.122232167244834,4.978823045630965,3.9104053606221707,6.742515683174133,0.0,0.0,0.0,15.44265365600586,5.3305124435851825,-1,nan
linear_gain_8,-1,3,Linear,5,0.0,200,0.29042377684293247,0.7858110779452306,0.8712713305287973,0.024178252796883935,0.0042465925216674805,0.3178281956108431,15.768689056299133,0.0375,15.00252103805542,1.2458219202096337,115,5.75
lqr_node3_q1_r1,-1,3,LQR,5,0.0,200,0.3594305476913862,0.8297162518390907,1.0782916430741585,0.06264055595031859,0.004824817180633545,0.22792486135794593,7.336462551717893,0.01,15.001642227172852,1.698868047876923,132,6.6000000000000005
zero_input,-1,3,Zero Input,5,0.0,200,2.1319094686981845,2.70816818045459,6.395728406094554,4.4896549258703065,3.574064254760742,0.0,0.0,0.0,15.635319709777832,5.6862432698705305,-1,nan
linear_gain_8,-1,3,Linear,6,0.0,200,0.2753173630248758,0.7654599391627949,0.8259520890746275,0.02207332281510771,0.0038781166076660156,0.3358664632753987,16.439170288735845,0.04,14.992605209350586,1.2600069772637454,113,5.65
lqr_node3_q1_r1,-1,3,LQR,6,0.0,200,0.3231641336217219,0.7994455752826497,0.9694924008651657,0.055468935163024764,0.004170656204223633,0.2051671300172815,6.254589195748694,0.01,14.997347831726074,1.6134903257694189,127,6.3500000000000005
zero_input,-1,3,Zero Input,6,0.0,200,1.8215256296810465,2.3400905032822346,5.46457688904314,3.605453429582678,3.8014864921569824,0.0,0.0,0.0,13.676840424537659,5.848267493037442,-1,nan
linear_gain_8,-1,3,Linear,7,0.0,200,0.2829762464900155,0.7757115806286411,0.8489287394700465,0.024236275136102863,0.00426250696182251,0.3200360793908338,15.122310244713436,0.0375,15.00291109085083,1.2519877953037841,115,5.75
lqr_node3_q1_r1,-1,3,LQR,7,0.0,200,0.34990311091872595,0.8212654013154479,1.049709332756178,0.06279092514312562,0.0048444271087646484,0.2503495794664917,8.388722543778394,0.01,15.001854419708252,1.7000434145942998,132,6.6000000000000005
zero_input,-1,3,Zero Input,7,0.0,200,1.8271403961992223,2.367359884853313,5.481421188597667,3.087158622013198,3.596156120300293,0.0,0.0,0.0,15.745481491088867,4.918482357219084,-1,nan
linear_gain_8,-1,3,Linear,8,0.0,200,0.21865797445335963,0.7453239110442181,0.6559739233600789,0.024233800209598776,0.004257559776306152,0.21391886803426052,12.789401789750759,0.0375,14.999876976013184,1.2424309139617196,115,5.75
lqr_node3_q1_r1,-1,3,LQR,8,0.0,200,0.2957885520964712,0.799409093273214,0.8873656562894137,0.06288135773789735,0.004854381084442139,0.12916214247439017,4.932134877987134,0.01,14.99989938735962,1.7010395133413783,132,6.6000000000000005
zero_input,-1,3,Zero Input,8,0.0,200,0.9556770606271471,1.6337054108572957,2.8670311818814413,3.6453043858946104,3.8560428619384766,0.0,0.0,0.0,14.998604774475098,5.556195429753308,-1,nan
linear_gain_8,-1,3,Linear,9,0.0,200,0.23957972928760876,0.7567513925437881,0.7187391878628262,0.024095503624850585,0.004239499568939209,0.2666911999149216,14.637872993914948,0.04,14.997948169708252,1.2604252953981212,115,5.75
lqr_node3_q1_r1,-1,3,LQR,9,0.0,200,0.32616063308706994,0.8096621541904672,0.9784818992612099,0.0623382231404568,0.004790306091308594,0.15466204649789672,5.106823581536593,0.01,14.999052047729492,1.6964939744790914,131,6.550000000000001
zero_input,-1,3,Zero Input,9,0.0,200,1.5085162448875624,2.073094340647765,4.525548734662688,4.360497058909616,6.589635610580444,0.0,0.0,0.0,14.54009485244751,6.694654560726674,-1,nan
linear_gain_8,-1,3,Linear,10,0.0,200,0.24235857384479106,0.7657061440374336,0.7270757215343732,0.02316449996497896,0.004072725772857666,0.31108071653177016,20.719493092415377,0.06,15.000184535980225,1.264677282691521,114,5.7
lqr_node3_q1_r1,-1,3,LQR,10,0.0,200,0.31730159392684126,0.8093522886232897,0.9519047817805238,0.05921533368067977,0.004490852355957031,0.21334302573200772,11.383668580920684,0.025,15.000140190124512,1.660356450640592,129,6.45
zero_input,-1,3,Zero Input,10,0.0,200,2.074528613472272,2.6022641116441663,6.223585840416817,4.69773358952852,7.5706340074539185,0.0,0.0,0.0,14.224148273468018,6.577186356470063,-1,nan
linear_gain_8,-1,3,Linear,11,0.0,200,0.24437215055241493,0.7552857330612603,0.7331164516572448,0.023908758352016224,0.004197955131530762,0.2944223190427867,16.777802550043845,0.0425,15.003124713897705,1.2252478628275703,115,5.75
lqr_node3_q1_r1,-1,3,LQR,11,0.0,200,0.32700412547821994,0.8135117160817608,0.9810123764346598,0.06338182565422705,0.004899322986602783,0.21997424432580495,8.864195698853989,0.015,15.001712322235107,1.7159634713472716,132,6.6000000000000005
zero_input,-1,3,Zero Input,11,0.0,200,1.304284654046755,1.7702437578349381,3.9128539621402645,4.156717750393314,3.399139106273651,0.0,0.0,0.0,15.858731985092163,5.602669446474284,-1,nan
linear_gain_8,-1,3,Linear,12,0.0,200,0.25079345817082344,0.7562088908272052,0.7523803745124703,0.024223700211739835,0.0042552947998046875,0.2692067052732382,13.975038650732657,0.0375,15.001208782196045,1.242532885082029,115,5.75
lqr_node3_q1_r1,-1,3,LQR,12,0.0,200,0.3301997000393353,0.8089582531049709,0.990599100118006,0.06280052204282931,0.00484389066696167,0.2033155179233381,7.354081965395405,0.01,15.000833988189697,1.7003049466536562,132,6.6000000000000005
zero_input,-1,3,Zero Input,12,0.0,200,1.6375629691312636,2.123209776860316,4.9126889073937905,2.899581370898235,3.665187656879425,0.0,0.0,0.0,16.612693309783936,5.380874715337706,-1,nan
linear_gain_8,-1,3,Linear,13,0.0,200,0.30585259820875754,0.798323966597395,0.9175577946262726,0.024266985509498618,0.004270195960998535,0.3509655278965719,16.515534675808546,0.0375,15.004226684570312,1.2576303341569592,115,5.75
lqr_node3_q1_r1,-1,3,LQR,13,0.0,200,0.3777463013462642,0.8410521057204968,1.1332389040387925,0.0626979296291132,0.00483626127243042,0.2954149448689935,10.842096462253544,0.015,15.002650260925293,1.6989271917625965,132,6.6000000000000005
zero_input,-1,3,Zero Input,13,0.0,200,1.9904750311067474,2.502331634106535,5.971425093320242,4.370992112490866,3.3587111830711365,0.0,0.0,0.0,15.461125373840332,5.662408490456752,-1,nan
linear_gain_8,-1,3,Linear,14,0.0,200,0.2347169909359158,0.7541456437348506,0.7041509728077474,0.02408823122580846,0.004236817359924316,0.2498243360448062,13.78034555664368,0.0375,14.998266696929932,1.260966108101814,115,5.75
lqr_node3_q1_r1,-1,3,LQR,14,0.0,200,0.31057773219190804,0.803881928866384,0.9317331965757242,0.062204077230467475,0.004777133464813232,0.17204282040408164,6.1267900249456275,0.01,14.99923038482666,1.6949961820561716,131,6.550000000000001
zero_input,-1,3,Zero Input,14,0.0,200,1.5774802270555188,2.115981764585521,4.7324406811665565,2.530841974610532,5.980322003364563,0.0,0.0,0.0,14.623953342437744,4.743065302737465,-1,nan
linear_gain_8,-1,3,Linear,15,0.0,200,0.2512822951726671,0.7570029796180984,0.7538468855180014,0.024076627785868852,0.004225254058837891,0.25665079982500716,13.850732835741667,0.0375,15.001205444335938,1.2454406814649701,115,5.75
lqr_node3_q1_r1,-1,3,LQR,15,0.0,200,0.3290561082318475,0.8067986342497356,0.9871683246955424,0.06215382150063912,0.004768669605255127,0.15239788519671887,5.036718543262372,0.01,15.000822067260742,1.694168617453111,131,6.550000000000001
zero_input,-1,3,Zero Input,15,0.0,200,1.4138635290617856,1.9697279049393137,4.241590587185357,4.1667005992781965,3.9242032170295715,0.0,0.0,0.0,15.151231288909912,6.435929780464564,-1,nan
linear_gain_8,-1,3,Linear,16,0.0,200,0.22000896505348025,0.752516990696289,0.6600268951604408,0.023642025313075677,0.0041487812995910645,0.22689637946814967,13.242716311392469,0.0375,14.999273300170898,1.2622477129398293,115,5.75
lqr_node3_q1_r1,-1,3,LQR,16,0.0,200,0.29145870904874827,0.7993888878480184,0.8743761271462448,0.06052683316815047,0.004589736461639404,0.1436340547196667,5.309237364456152,0.01,14.999696254730225,1.6791255718180493,130,6.5
zero_input,-1,3,Zero Input,16,0.0,200,1.3290493549285138,1.8877133991102713,3.9871480647855417,4.4109982493574975,3.3318453431129456,0.0,0.0,0.0,14.363157749176025,6.252492085117754,-1,nan
linear_gain_8,-1,3,Linear,17,0.0,200,0.22699938437352554,0.7550478632555979,0.6809981531205765,0.023535120680376335,0.004140377044677734,0.23577200818314517,13.849541689570664,0.0375,15.00048303604126,1.2659712467453819,114,5.7
lqr_node3_q1_r1,-1,3,LQR,17,0.0,200,0.29827814716427703,0.8003892637994029,0.894834441492831,0.06041562634255783,0.004603683948516846,0.14954629631449137,5.455679928404305,0.01,15.00035572052002,1.6746662289636274,130,6.5
zero_input,-1,3,Zero Input,17,0.0,200,1.085205169569574,1.5968359240858836,3.255615508708722,3.3714731953762196,2.637280762195587,0.0,0.0,0.0,14.815567016601562,5.123502575046388,-1,nan
linear_gain_8,-1,3,Linear,18,0.0,200,0.22322019109160254,0.7480314392775573,0.6696605732748075,0.023755951681070857,0.004162311553955078,0.24386861580342722,14.356251054047076,0.04,14.999638080596924,1.250093887323764,115,5.75
lqr_node3_q1_r1,-1,3,LQR,18,0.0,200,0.30737840366903585,0.8004612175699646,0.9221352110071075,0.06092124952026355,0.004625260829925537,0.14017545434399833,5.019777990005778,0.01,14.99975872039795,1.6830854096185806,131,6.550000000000001
zero_input,-1,3,Zero Input,18,0.0,200,1.1490011721205335,1.7584845198744001,3.4470035163616006,4.117936212891414,3.7144564390182495,0.0,0.0,0.0,15.044533252716064,5.958118174577233,-1,nan
linear_gain_8,-1,3,Linear,19,0.0,200,0.27494792130188156,0.7754283498925054,0.8248437639056447,0.024199233884796684,0.004248976707458496,0.3192520252338371,18.914762209628087,0.0525,15.001593112945557,1.2431738185348795,115,5.75
lqr_node3_q1_r1,-1,3,LQR,19,0.0,200,0.3558509857235097,0.8261822325602377,1.0675529571705291,0.0626979922576819,0.004831790924072266,0.2512073433641771,12.12057838089195,0.025,15.001081466674805,1.6993208858856366,132,6.6000000000000005
zero_input,-1,3,Zero Input,19,0.0,200,1.9983171077192772,2.6072965937357218,5.9949513231578315,2.8825547023687834,3.791606068611145,0.0,0.0,0.0,16.01793336868286,4.714747512740876,-1,nan
