model_name,train_seed,node,method,test_seed,scenario,mismatch,noise_std,pulse_step,mae,rmse,mean_l1,steady_l1,final_l1,mean_abs_u,energy_u,saturation_fraction,max_post_pulse,mean_post_pulse_error
lqr_node2_q1_r1,-1,2,LQR,100,mismatch,0.0,0.0,-1,0.039891310170597105,0.1758914884532418,0.1196739305117913,2.9156145490246054e-07,1.1920928955078125e-07,0.01770788123337711,0.11359332815652486,0.0,,
ppo_continuous_hopfield_node2_final_seed_1024,1024,2,PPO,100,mismatch,0.0,0.0,-1,0.04378619647707948,0.1680489185362422,0.13135858943123843,0.02279623132199049,0.005300581455230713,0.09321030374254075,5.064832514353172,0.01,,
ppo_continuous_hopfield_node2_final_seed_123,123,2,PPO,100,mismatch,0.0,0.0,-1,0.050650483402961605,0.16812074383269043,0.15195145020888481,0.04614214107026288,0.023879051208496094,0.06317512040720913,2.4323675719847113,0.005,,
ppo_continuous_hopfield_node2_final_seed_42,42,2,PPO,100,mismatch,0.0,0.0,-1,0.04717061474918545,0.16743956956885384,0.14151184424755636,0.04244261483351389,0.018027007579803467,0.134648198024962,6.060362133656874,0.01,,
lqr_node3_q1_r1,-1,3,LQR,100,mismatch,0.0,0.0,-1,0.03367172317472553,0.14910792496120948,0.1010151695241766,2.7512763569384443e-06,5.960464477539062e-07,0.03009444950940024,0.24580829794185188,0.0,,
ppo_continuous_hopfield_node3_final_seed_1024,1024,3,PPO,100,mismatch,0.0,0.0,-1,0.021055429932914507,0.11487763825505727,0.06316628979874352,0.0074458162840685726,0.003931820392608643,0.09813068359347056,6.029509163254093,0.015,,
ppo_continuous_hopfield_node3_final_seed_123,123,3,PPO,100,mismatch,0.0,0.0,-1,0.022437051052215228,0.11580216768989873,0.0673111531566457,0.0162954175453863,0.02680516242980957,0.10512226755310436,6.8201264212239625,0.02,,
ppo_continuous_hopfield_node3_final_seed_42,42,3,PPO,100,mismatch,0.0,0.0,-1,0.021083370022783838,0.11437514979352915,0.06325011006835152,0.005847835194687416,0.01441943645477295,0.08994079871739533,5.346805191828404,0.015,,
lqr_node2_q1_r1,-1,2,LQR,100,mismatch,2.0,0.0,-1,0.16447942878304672,0.2807124474423188,0.4934382863491402,0.3726515380412708,0.06458660215139389,0.20005862927049783,6.596449297039782,0.0125,,
ppo_continuous_hopfield_node2_final_seed_1024,1024,2,PPO,100,mismatch,2.0,0.0,-1,0.0912359211476193,0.23960422459748434,0.2737077634428579,0.07801068038392214,0.03258253075182438,0.26880424956505433,13.91836690771286,0.035,,
ppo_continuous_hopfield_node2_final_seed_123,123,2,PPO,100,mismatch,2.0,0.0,-1,0.10738323772549072,0.24247293044723423,0.3221497131764722,0.12280203537141651,0.03046824410557747,0.24859987061814476,11.252089687696746,0.025,,
ppo_continuous_hopfield_node2_final_seed_42,42,2,PPO,100,mismatch,2.0,0.0,-1,0.10460700982785222,0.24179310135435256,0.31382102948355667,0.11892387532502596,0.04379919357597828,0.25765671249376865,12.334270409683759,0.03,,
lqr_node3_q1_r1,-1,3,LQR,100,mismatch,2.0,0.0,-1,0.08613664722372023,0.12317202573191828,0.2584099416711607,0.15735894190952365,0.07257950119674206,0.17949745262660344,3.7080507685736195,0.0,,
ppo_continuous_hopfield_node3_final_seed_1024,1024,3,PPO,100,mismatch,2.0,0.0,-1,0.086131341791776,0.13150462466843257,0.258394025375328,0.1411513631766731,0.07543060928583145,0.1917411873019544,6.470022830791954,0.0175,,
ppo_continuous_hopfield_node3_final_seed_123,123,3,PPO,100,mismatch,2.0,0.0,-1,0.08219852548050799,0.11750088063477665,0.24659557644152397,0.12897228797391794,0.05615520477294922,0.19303483349686845,5.710407709892388,0.015,,
ppo_continuous_hopfield_node3_final_seed_42,42,3,PPO,100,mismatch,2.0,0.0,-1,0.08049552138981503,0.11487141316093376,0.24148656416944508,0.12915153080528533,0.05617023445665836,0.1901272962664131,5.450741620108416,0.015,,
lqr_node2_q1_r1,-1,2,LQR,100,pulse,0.0,0.0,200,0.4497768556896956,1.028457961652213,1.349330567069087,0.10600737859437495,0.005836308002471924,0.17833768173108877,6.0311464180365295,0.01,15.000048637390137,2.453201316334122
ppo_continuous_hopfield_node2_final_seed_1024,1024,2,PPO,100,pulse,0.0,0.0,200,0.3597241091744778,0.9235581024512539,1.0791723275234333,0.06825267325764821,0.06020742654800415,0.2490681140425794,11.608772076043525,0.025,15.000596046447754,1.909479943433063
ppo_continuous_hopfield_node2_final_seed_123,123,2,PPO,100,pulse,0.0,0.0,200,0.3970023929323391,0.9502702488895598,1.1910071787970173,0.0820955997907821,0.08557325601577759,0.24617088140171958,10.80284910761014,0.02,14.993513107299805,2.115326482121513
ppo_continuous_hopfield_node2_final_seed_42,42,2,PPO,100,pulse,0.0,0.0,200,0.4052913954153623,0.9568891614372909,1.215874186246087,0.13015732840623384,0.038045644760131836,0.3026523217187261,13.256275862827454,0.025,15.006716251373291,2.1758926722837324
lqr_node3_q1_r1,-1,3,LQR,100,pulse,0.0,0.0,200,0.31423599850223805,0.8108263322410907,0.9427079955067141,0.060440079113583504,0.004571199417114258,0.14102298178212302,5.111250390332101,0.01,14.999873161315918,1.6792260504035808
ppo_continuous_hopfield_node3_final_seed_1024,1024,3,PPO,100,pulse,0.0,0.0,200,0.23593904402905166,0.7590848880047916,0.707817132087155,0.02508088187487037,0.010466575622558594,0.33464456907011325,21.592737090248534,0.0625,14.998425960540771,1.2923764570324279
ppo_continuous_hopfield_node3_final_seed_123,123,3,PPO,100,pulse,0.0,0.0,200,0.23777845746304155,0.76223170343681,0.7133353723891247,0.025281353451219606,0.02085292339324951,0.2613073113145646,16.965666972682413,0.05,14.999324798583984,1.30433960806634
ppo_continuous_hopfield_node3_final_seed_42,42,3,PPO,100,pulse,0.0,0.0,200,0.2383865732418997,0.7623987826692146,0.7151597197256991,0.026486888665843894,0.015577971935272217,0.24143735676112021,15.225022453429132,0.045,14.999712944030762,1.3069425992000459
lqr_node2_q1_r1,-1,2,LQR,100,noise,0.0,0.0,-1,0.039891310170597105,0.1758914884532418,0.1196739305117913,2.9156145490246054e-07,1.1920928955078125e-07,0.01770788123337711,0.11359332815652486,0.0,,
ppo_continuous_hopfield_node2_final_seed_1024,1024,2,PPO,100,noise,0.0,0.0,-1,0.04378619647707948,0.1680489185362422,0.13135858943123843,0.02279623132199049,0.005300581455230713,0.09321030374254075,5.064832514353172,0.01,,
ppo_continuous_hopfield_node2_final_seed_123,123,2,PPO,100,noise,0.0,0.0,-1,0.050650483402961605,0.16812074383269043,0.15195145020888481,0.04614214107026288,0.023879051208496094,0.06317512040720913,2.4323675719847113,0.005,,
ppo_continuous_hopfield_node2_final_seed_42,42,2,PPO,100,noise,0.0,0.0,-1,0.04717061474918545,0.16743956956885384,0.14151184424755636,0.04244261483351389,0.018027007579803467,0.134648198024962,6.060362133656874,0.01,,
lqr_node3_q1_r1,-1,3,LQR,100,noise,0.0,0.0,-1,0.03367172317472553,0.14910792496120948,0.1010151695241766,2.7512763569384443e-06,5.960464477539062e-07,0.03009444950940024,0.24580829794185188,0.0,,
ppo_continuous_hopfield_node3_final_seed_1024,1024,3,PPO,100,noise,0.0,0.0,-1,0.021055429932914507,0.11487763825505727,0.06316628979874352,0.0074458162840685726,0.003931820392608643,0.09813068359347056,6.029509163254093,0.015,,
ppo_continuous_hopfield_node3_final_seed_123,123,3,PPO,100,noise,0.0,0.0,-1,0.022437051052215228,0.11580216768989873,0.0673111531566457,0.0162954175453863,0.02680516242980957,0.10512226755310436,6.8201264212239625,0.02,,
ppo_continuous_hopfield_node3_final_seed_42,42,3,PPO,100,noise,0.0,0.0,-1,0.021083370022783838,0.11437514979352915,0.06325011006835152,0.005847835194687416,0.01441943645477295,0.08994079871739533,5.346805191828404,0.015,,
lqr_node2_q1_r1,-1,2,LQR,100,noise,0.0,0.05,-1,0.2983783471699206,0.4281015385206494,0.895135041509762,0.5388918688267837,0.4073135256767273,0.47176661604186265,7.372412404359796,0.0,,
ppo_continuous_hopfield_node2_final_seed_1024,1024,2,PPO,100,noise,0.0,0.05,-1,0.18482968456197782,0.2629273245355604,0.5544890536859334,0.40355867404996615,0.15100789070129395,2.497825551582988,157.96591356844405,0.28,,
ppo_continuous_hopfield_node2_final_seed_123,123,2,PPO,100,noise,0.0,0.05,-1,0.19212768468092306,0.27357079549430724,0.5763830540427692,0.3548798860499152,0.14515525102615356,1.6549375488648093,82.10751350321237,0.0675,,
ppo_continuous_hopfield_node2_final_seed_42,42,2,PPO,100,noise,0.0,0.05,-1,0.1968863378724057,0.283094660884022,0.5906590136172171,0.36225342401015903,0.1733466386795044,2.7407916119122446,187.14835040289836,0.3775,,
lqr_node3_q1_r1,-1,3,LQR,100,noise,0.0,0.05,-1,0.169797849187245,0.2395399425901222,0.5093935475617349,0.48393384321236316,0.41111963987350464,0.36555837961497306,4.232312089651629,0.0,,
ppo_continuous_hopfield_node3_final_seed_1024,1024,3,PPO,100,noise,0.0,0.05,-1,0.14509409592438147,0.2027258985412105,0.43528228777314437,0.4558262580683754,0.375171422958374,1.3744642491129568,58.06348896199379,0.03,,
ppo_continuous_hopfield_node3_final_seed_123,123,3,PPO,100,noise,0.0,0.05,-1,0.13000324630454888,0.19327683665162895,0.39000973891364665,0.39126458225978744,0.4807822108268738,1.8299857937589177,96.6012805570342,0.0825,,
ppo_continuous_hopfield_node3_final_seed_42,42,3,PPO,100,noise,0.0,0.05,-1,0.12704077624876117,0.19154019279054707,0.3811223287462835,0.37636164150396245,0.47941821813583374,1.4630284796183246,64.16638530462777,0.0325,,
